experiment_id,timestamp,run_timestamp,dataset_name,train_dataset_name,test_dataset_name,num_videos,train_split,seed,train_texture_type,train_direction,train_view_angle,train_speed_range,train_resolution,train_fps,train_duration,train_brightness,train_contrast,train_lighting_variation,train_lighting_intensity,train_motion_blur,train_camera_noise,train_edge_width,train_stripe_width,train_stripe_spacing,train_stripe_gray,train_background_gray,train_stripe_distance_variance,train_add_object,train_object_type,train_object_position,train_object_size,train_num_objects,train_add_blur,train_blur_type,train_blur_intensity,train_random_blur_variation,train_vary_parameters,test_texture_type,test_direction,test_view_angle,test_speed_range,test_resolution,test_fps,test_duration,test_brightness,test_contrast,test_lighting_variation,test_lighting_intensity,test_motion_blur,test_camera_noise,test_edge_width,test_stripe_width,test_stripe_spacing,test_stripe_gray,test_background_gray,test_stripe_distance_variance,test_add_object,test_object_type,test_object_position,test_object_size,test_num_objects,test_add_blur,test_blur_type,test_blur_intensity,test_random_blur_variation,test_vary_parameters,model_name_or_path,template,lora_output_dir,lora_rank,lora_alpha,lora_dropout,cutoff_len,per_device_train_batch_size,gradient_accumulation_steps,learning_rate,num_train_epochs,lr_scheduler_type,warmup_ratio,bf16,fp16,quantization_bit,logging_steps,save_steps,eval_steps,eval_max_new_tokens,eval_batch_size,eval_video_fps,eval_video_maxlen,gpu_memory_utilization,skip_dataset,skip_training,skip_evaluation,use_docker,dataset_status,training_status,evaluation_status,base_model_accuracy,base_model_f1_score,base_model_f1_moving,base_model_f1_stopped,base_model_precision,base_model_recall,base_model_moving_correct,base_model_moving_total,base_model_stopped_correct,base_model_stopped_total,finetuned_model_accuracy,finetuned_model_f1_score,finetuned_model_f1_moving,finetuned_model_f1_stopped,finetuned_model_precision,finetuned_model_recall,finetuned_model_moving_correct,finetuned_model_moving_total,finetuned_model_stopped_correct,finetuned_model_stopped_total,base_model_per_texture_results,base_model_per_angle_results,finetuned_model_per_texture_results,finetuned_model_per_angle_results,notes_1,notes_2
2,2025-12-01 13:14:04,20251201_131404,_exp_20251201_151245,_exp_20251201_151245_train,_exp_20251201_151245_test,100,0.9,42,subtle_gray_stripes,"left,right,up,down","0.0,15.0","0.0,14.0",640x480,4,12.0,1.0,1.0,none,1.0,0,0.0,5,20,20,20,15,0.0,false,,,,,false,,,,false,subtle_gray_stripes,"left,right,up,down","0.0,15.0,30.0,45.0","0.0,14.0",640x480,4,12.0,1.0,1.0,none,1.0,0,0.0,5,20,20,15,10,0.0,false,,,,,false,,,,false,Qwen/Qwen2.5-VL-3B-Instruct,qwen2_vl,saves/qwen2vl-treadmill-lora-pipeline,8,16,0.05,8192,1,8,5e-05,2,cosine,0.1,False,True,4,10,100,100,128,1024,4.0,128,0.8,True,False,False,False,skipped,completed,completed,50.00,0.00,0.00,0.00,0.00,0.00,0,16,16,16,50.00,66.67,0.00,0.00,50.00,100.00,16,16,0,16,"{""subtle_gray_stripes"": {""accuracy"": 50.0, ""f1_score"": 0.0, ""correct"": 16, ""total"": 32}}","{""angle0"": {""accuracy"": 50.0, ""f1_score"": 0.0, ""correct"": 4, ""total"": 8}, ""angle15"": {""accuracy"": 50.0, ""f1_score"": 0.0, ""correct"": 4, ""total"": 8}, ""angle30"": {""accuracy"": 50.0, ""f1_score"": 0.0, ""correct"": 4, ""total"": 8}, ""angle45"": {""accuracy"": 50.0, ""f1_score"": 0.0, ""correct"": 4, ""total"": 8}}","{""subtle_gray_stripes"": {""accuracy"": 50.0, ""f1_score"": 66.67, ""correct"": 16, ""total"": 32}}","{""angle0"": {""accuracy"": 50.0, ""f1_score"": 66.67, ""correct"": 4, ""total"": 8}, ""angle15"": {""accuracy"": 50.0, ""f1_score"": 66.67, ""correct"": 4, ""total"": 8}, ""angle30"": {""accuracy"": 50.0, ""f1_score"": 66.67, ""correct"": 4, ""total"": 8}, ""angle45"": {""accuracy"": 50.0, ""f1_score"": 66.67, ""correct"": 4, ""total"": 8}}",,
3,2025-12-01 14:44:39,20251201_144439,_exp_20251201_164411,_exp_20251201_164411_train,_exp_20251201_164411_test,100,1.0,42,subtle_gray_stripes,"left,right,up,down",0.0,"0.0,10.0",640x480,4,12.0,1.0,1.0,none,1.0,0,0.0,5,20,20,20,15,0.0,true,box,center,30,1,false,,,,false,subtle_gray_stripes,"left,right,up,down","0.0,15.0","0.0,10.0",640x480,4,12.0,1.0,1.0,none,1.0,0,0.0,5,20,20,15,10,0.0,true,box,center,30,1,false,,,,false,Qwen/Qwen2.5-VL-3B-Instruct,qwen2_vl,saves/qwen2vl-treadmill-lora-pipeline,8,16,0.05,8192,1,8,5e-05,1,cosine,0.1,False,True,4,10,100,100,128,1024,4.0,128,0.8,True,False,False,False,skipped,completed,completed,50.00,33.33,0.00,0.00,25.00,50.00,0,8,8,8,50.00,33.33,0.00,0.00,25.00,50.00,0,8,8,8,"{""subtle_gray_stripes"": {""accuracy"": 50.0, ""f1_score"": 33.33, ""correct"": 8, ""total"": 16}}","{""angle0"": {""accuracy"": 50.0, ""f1_score"": 33.33, ""correct"": 4, ""total"": 8}, ""angle15"": {""accuracy"": 50.0, ""f1_score"": 33.33, ""correct"": 4, ""total"": 8}}","{""subtle_gray_stripes"": {""accuracy"": 50.0, ""f1_score"": 33.33, ""correct"": 8, ""total"": 16}}","{""angle0"": {""accuracy"": 50.0, ""f1_score"": 33.33, ""correct"": 4, ""total"": 8}, ""angle15"": {""accuracy"": 50.0, ""f1_score"": 33.33, ""correct"": 4, ""total"": 8}}",,
4,2025-12-01 15:02:54,20251201_150254,_exp_20251201_170226,_exp_20251201_170226_train,_exp_20251201_170226_test,100,1.0,42,subtle_gray_stripes,"left,right,up,down",0.0,"0.0,10.0",640x480,4,12.0,0.0,1.0,none,1.0,0,0.0,5,20,20,20,15,0.0,true,box,center,30,1,false,,,,false,subtle_gray_stripes,"left,right,up,down","0.0,15.0","0.0,10.0",640x480,4,12.0,0.0,1.0,none,1.0,0,0.0,5,20,20,15,10,0.0,true,box,center,30,1,false,,,,false,Qwen/Qwen2.5-VL-3B-Instruct,qwen2_vl,saves/qwen2vl-treadmill-lora-pipeline,8,16,0.05,8192,1,8,5e-05,1,cosine,0.1,False,True,4,10,100,100,128,1024,4.0,128,0.8,True,False,False,False,skipped,completed,completed,50.00,33.33,0.00,0.00,25.00,50.00,8,8,0,8,50.00,50.00,0.00,0.00,50.00,50.00,4,8,4,8,"{""subtle_gray_stripes"": {""accuracy"": 50.0, ""f1_score"": 33.33, ""correct"": 8, ""total"": 16}}","{""angle0"": {""accuracy"": 50.0, ""f1_score"": 33.33, ""correct"": 4, ""total"": 8}, ""angle15"": {""accuracy"": 50.0, ""f1_score"": 33.33, ""correct"": 4, ""total"": 8}}","{""subtle_gray_stripes"": {""accuracy"": 50.0, ""f1_score"": 50.0, ""correct"": 8, ""total"": 16}}","{""angle0"": {""accuracy"": 50.0, ""f1_score"": 33.33, ""correct"": 4, ""total"": 8}, ""angle15"": {""accuracy"": 50.0, ""f1_score"": 33.33, ""correct"": 4, ""total"": 8}}",,
5,2025-12-01 15:20:37,20251201_152037,_exp_20251201_172008,_exp_20251201_172008_train,_exp_20251201_172008_test,100,1.0,42,subtle_gray_stripes,"left,right,up,down",0.0,"0.0,10.0",640x480,4,12.0,0.0,1.0,none,1.0,0,0.0,5,20,20,20,15,0.0,true,box,center,30,1,false,,,,false,subtle_gray_stripes,"left,right,up,down","0.0,15.0","0.0,10.0",640x480,4,12.0,0.0,1.0,none,1.0,0,0.0,5,20,20,15,10,0.0,true,box,center,30,1,false,,,,false,Qwen/Qwen2.5-VL-3B-Instruct,qwen2_vl,saves/qwen2vl-treadmill-lora-pipeline,8,16,0.05,8192,1,8,5e-05,1,cosine,0.1,False,True,4,10,100,100,128,1024,4.0,128,0.8,True,False,False,False,skipped,completed,completed,50.00,33.33,0.00,0.00,25.00,50.00,8,8,0,8,50.00,50.00,0.00,0.00,50.00,50.00,4,8,4,8,"{""subtle_gray_stripes"": {""accuracy"": 50.0, ""f1_score"": 33.33, ""correct"": 8, ""total"": 16}}","{""angle0"": {""accuracy"": 50.0, ""f1_score"": 33.33, ""correct"": 4, ""total"": 8}, ""angle15"": {""accuracy"": 50.0, ""f1_score"": 33.33, ""correct"": 4, ""total"": 8}}","{""subtle_gray_stripes"": {""accuracy"": 50.0, ""f1_score"": 50.0, ""correct"": 8, ""total"": 16}}","{""angle0"": {""accuracy"": 50.0, ""f1_score"": 33.33, ""correct"": 4, ""total"": 8}, ""angle15"": {""accuracy"": 50.0, ""f1_score"": 33.33, ""correct"": 4, ""total"": 8}}",,
6,2025-12-01 17:35:29,20251201_173529,_exp_20251201_193411,_exp_20251201_193411_train,_exp_20251201_193411_test,100,1.0,42,"factory_dark,factory_dark_stripes,noise,stripes","left,right","0.0,15.0,30.0","0.0,14.0",640x480,4,12.0,0.0,1.0,none,1.0,0,0.0,5,20,20,20,15,0.0,false,,,,,false,,,,false,"factory_dark,factory_dark_stripes,noise,stripes","left,right","45.0,60.0","0.0,14.0",640x480,4,12.0,0.0,1.0,none,1.0,0,0.0,5,20,20,15,10,0.0,false,,,,,false,,,,false,Qwen/Qwen2.5-VL-3B-Instruct,qwen2_vl,saves/qwen2vl-treadmill-lora-pipeline,8,16,0.05,8192,1,8,5e-05,3,cosine,0.1,False,True,4,10,100,100,128,1024,4.0,128,0.8,True,False,False,False,skipped,completed,completed,50.00,33.33,0.00,0.00,25.00,50.00,8,8,0,8,50.00,33.33,0.00,0.00,25.00,50.00,8,8,0,8,"{""factory_dark"": {""accuracy"": 50.0, ""f1_score"": 33.33, ""correct"": 4, ""total"": 8}, ""factory_dark_stripes"": {""accuracy"": 50.0, ""f1_score"": 33.33, ""correct"": 4, ""total"": 8}}","{""angle45"": {""accuracy"": 50.0, ""f1_score"": 33.33, ""correct"": 4, ""total"": 8}, ""angle60"": {""accuracy"": 50.0, ""f1_score"": 33.33, ""correct"": 4, ""total"": 8}}","{""factory_dark"": {""accuracy"": 50.0, ""f1_score"": 33.33, ""correct"": 4, ""total"": 8}, ""factory_dark_stripes"": {""accuracy"": 50.0, ""f1_score"": 33.33, ""correct"": 4, ""total"": 8}}","{""angle45"": {""accuracy"": 50.0, ""f1_score"": 33.33, ""correct"": 4, ""total"": 8}, ""angle60"": {""accuracy"": 50.0, ""f1_score"": 33.33, ""correct"": 4, ""total"": 8}}",,
7,2025-12-01 17:48:25,20251201_174825,_exp_20251201_194618,_exp_20251201_194618_train,_exp_20251201_194618_test,100,1.0,42,"factory_dark,factory_dark_stripes,noise,stripes","left,right","0.0,15.0,30.0","0.0,14.0",640x480,4,12.0,0.0,1.0,none,1.0,0,0.0,5,20,20,20,15,0.0,false,,,,,false,,,,false,"factory_dark,factory_dark_stripes,noise,stripes","left,right","45.0,60.0","0.0,14.0",640x480,4,12.0,0.0,1.0,none,1.0,0,0.0,5,20,20,15,10,0.0,false,,,,,false,,,,false,Qwen/Qwen2.5-VL-3B-Instruct,qwen2_vl,saves/qwen2vl-treadmill-lora-pipeline,8,16,0.05,8192,1,8,5e-05,3,cosine,0.1,False,True,4,10,100,100,128,1024,4.0,128,0.8,True,False,False,False,skipped,completed,completed,50.00,33.33,0.00,0.00,25.00,50.00,16,16,0,16,50.00,33.33,0.00,0.00,25.00,50.00,16,16,0,16,"{""factory_dark"": {""accuracy"": 50.0, ""f1_score"": 33.33, ""correct"": 4, ""total"": 8}, ""factory_dark_stripes"": {""accuracy"": 50.0, ""f1_score"": 33.33, ""correct"": 4, ""total"": 8}, ""noise"": {""accuracy"": 50.0, ""f1_score"": 33.33, ""correct"": 4, ""total"": 8}, ""stripes"": {""accuracy"": 50.0, ""f1_score"": 33.33, ""correct"": 4, ""total"": 8}}","{""angle45"": {""accuracy"": 50.0, ""f1_score"": 33.33, ""correct"": 8, ""total"": 16}, ""angle60"": {""accuracy"": 50.0, ""f1_score"": 33.33, ""correct"": 8, ""total"": 16}}","{""factory_dark"": {""accuracy"": 50.0, ""f1_score"": 33.33, ""correct"": 4, ""total"": 8}, ""factory_dark_stripes"": {""accuracy"": 50.0, ""f1_score"": 33.33, ""correct"": 4, ""total"": 8}, ""noise"": {""accuracy"": 50.0, ""f1_score"": 33.33, ""correct"": 4, ""total"": 8}, ""stripes"": {""accuracy"": 50.0, ""f1_score"": 33.33, ""correct"": 4, ""total"": 8}}","{""angle45"": {""accuracy"": 50.0, ""f1_score"": 33.33, ""correct"": 8, ""total"": 16}, ""angle60"": {""accuracy"": 50.0, ""f1_score"": 33.33, ""correct"": 8, ""total"": 16}}",,
8,2025-12-01 18:15:56,20251201_181556,_exp_20251201_201437,_exp_20251201_201437_train,_exp_20251201_201437_test,100,1.0,42,"factory_dark,factory_dark_stripes,noise,stripes","left,right","0.0,15.0,30.0","0.0,14.0",640x480,4,12.0,1.0,1.0,none,1.0,0,0.0,5,20,20,20,15,0.0,false,,,,,false,,,,false,"factory_dark,factory_dark_stripes,noise,stripes","left,right","45.0,60.0","0.0,14.0",640x480,4,12.0,1.0,1.0,none,1.0,0,0.0,5,20,20,15,10,0.0,false,,,,,false,,,,false,Qwen/Qwen2.5-VL-3B-Instruct,qwen2_vl,saves/qwen2vl-treadmill-lora-pipeline,8,16,0.05,8192,1,8,5e-05,3,cosine,0.1,False,True,4,10,100,100,128,1024,4.0,128,0.8,True,False,False,False,skipped,completed,completed,50.00,33.33,0.00,0.00,25.00,50.00,0,16,16,16,50.00,33.33,0.00,0.00,25.00,50.00,16,16,0,16,"{""factory_dark"": {""accuracy"": 50.0, ""f1_score"": 33.33, ""correct"": 4, ""total"": 8}, ""factory_dark_stripes"": {""accuracy"": 50.0, ""f1_score"": 33.33, ""correct"": 4, ""total"": 8}, ""noise"": {""accuracy"": 50.0, ""f1_score"": 33.33, ""correct"": 4, ""total"": 8}, ""stripes"": {""accuracy"": 50.0, ""f1_score"": 33.33, ""correct"": 4, ""total"": 8}}","{""angle45"": {""accuracy"": 50.0, ""f1_score"": 33.33, ""correct"": 8, ""total"": 16}, ""angle60"": {""accuracy"": 50.0, ""f1_score"": 33.33, ""correct"": 8, ""total"": 16}}","{""factory_dark"": {""accuracy"": 50.0, ""f1_score"": 33.33, ""correct"": 4, ""total"": 8}, ""factory_dark_stripes"": {""accuracy"": 50.0, ""f1_score"": 33.33, ""correct"": 4, ""total"": 8}, ""noise"": {""accuracy"": 50.0, ""f1_score"": 33.33, ""correct"": 4, ""total"": 8}, ""stripes"": {""accuracy"": 50.0, ""f1_score"": 33.33, ""correct"": 4, ""total"": 8}}","{""angle45"": {""accuracy"": 50.0, ""f1_score"": 33.33, ""correct"": 8, ""total"": 16}, ""angle60"": {""accuracy"": 50.0, ""f1_score"": 33.33, ""correct"": 8, ""total"": 16}}",,
9,2025-12-02 09:12:45,20251202_091245,_exp_20251202_111122,_exp_20251202_111122_train,_exp_20251202_111122_test,100,1.0,42,"factory_dark,factory_dark_stripes,noise,stripes","left,right","0,15,30","0.0,14.0",640x480,4,12.0,0.0,1.0,none,1.0,0,0.0,5,20,20,20,15,0.0,false,,,,,false,,,,false,"factory_dark,factory_dark_stripes,noise,stripes","left,right","22,45","0.0,14.0",640x480,4,12.0,0.0,1.0,none,1.0,0,0.0,5,20,20,15,10,0.0,false,,,,,false,,,,false,Qwen/Qwen2.5-VL-3B-Instruct,qwen2_vl,saves/qwen2vl-treadmill-lora-pipeline,8,16,0.05,8192,1,8,5e-05,3,cosine,0.1,False,True,4,10,100,100,128,1024,4.0,128,0.8,True,False,False,False,skipped,completed,completed,50.00,33.33,0.00,0.00,25.00,50.00,16,16,0,16,50.00,33.33,0.00,0.00,25.00,50.00,16,16,0,16,"{""factory_dark"": {""accuracy"": 50.0, ""f1_score"": 33.33, ""correct"": 4, ""total"": 8}, ""factory_dark_stripes"": {""accuracy"": 50.0, ""f1_score"": 33.33, ""correct"": 4, ""total"": 8}, ""noise"": {""accuracy"": 50.0, ""f1_score"": 33.33, ""correct"": 4, ""total"": 8}, ""stripes"": {""accuracy"": 50.0, ""f1_score"": 33.33, ""correct"": 4, ""total"": 8}}","{""angle22"": {""accuracy"": 50.0, ""f1_score"": 33.33, ""correct"": 8, ""total"": 16}, ""angle45"": {""accuracy"": 50.0, ""f1_score"": 33.33, ""correct"": 8, ""total"": 16}}","{""factory_dark"": {""accuracy"": 50.0, ""f1_score"": 33.33, ""correct"": 4, ""total"": 8}, ""factory_dark_stripes"": {""accuracy"": 50.0, ""f1_score"": 33.33, ""correct"": 4, ""total"": 8}, ""noise"": {""accuracy"": 50.0, ""f1_score"": 33.33, ""correct"": 4, ""total"": 8}, ""stripes"": {""accuracy"": 50.0, ""f1_score"": 33.33, ""correct"": 4, ""total"": 8}}","{""angle22"": {""accuracy"": 50.0, ""f1_score"": 33.33, ""correct"": 8, ""total"": 16}, ""angle45"": {""accuracy"": 50.0, ""f1_score"": 33.33, ""correct"": 8, ""total"": 16}}",,
10,2025-12-02 10:01:36,20251202_100136,_exp_20251202_120019,_exp_20251202_120019_train,_exp_20251202_120019_test,100,1.0,42,"factory_dark,factory_dark_stripes,noise,stripes","left,right","0,15,30","0.0,14.0",640x480,4,12.0,0.0,1.0,none,1.0,0,0.0,0.1,20,20,20,15,0.0,false,,,,,false,,,,false,"factory_dark,factory_dark_stripes,noise,stripes","left,right","22,45","0.0,14.0",640x480,4,12.0,0.0,1.0,none,1.0,0,0.0,0.1,20,20,15,10,0.0,false,,,,,false,,,,false,Qwen/Qwen2.5-VL-3B-Instruct,qwen2_vl,saves/qwen2vl-treadmill-lora-pipeline,8,16,0.05,8192,1,8,5e-05,3,cosine,0.1,False,True,4,10,100,100,128,1024,4.0,128,0.8,True,False,False,False,skipped,completed,completed,84.38,83.98,0.00,0.00,88.10,84.38,11,16,16,16,50.00,33.33,0.00,0.00,25.00,50.00,16,16,0,16,"{""factory_dark"": {""accuracy"": 100.0, ""f1_score"": 100.0, ""correct"": 8, ""total"": 8}, ""factory_dark_stripes"": {""accuracy"": 87.5, ""f1_score"": 87.3, ""correct"": 7, ""total"": 8}, ""noise"": {""accuracy"": 100.0, ""f1_score"": 100.0, ""correct"": 8, ""total"": 8}, ""stripes"": {""accuracy"": 50.0, ""f1_score"": 33.33, ""correct"": 4, ""total"": 8}}","{""angle22"": {""accuracy"": 81.25, ""f1_score"": 80.57, ""correct"": 13, ""total"": 16}, ""angle45"": {""accuracy"": 87.5, ""f1_score"": 87.3, ""correct"": 14, ""total"": 16}}","{""factory_dark"": {""accuracy"": 50.0, ""f1_score"": 33.33, ""correct"": 4, ""total"": 8}, ""factory_dark_stripes"": {""accuracy"": 50.0, ""f1_score"": 33.33, ""correct"": 4, ""total"": 8}, ""noise"": {""accuracy"": 50.0, ""f1_score"": 33.33, ""correct"": 4, ""total"": 8}, ""stripes"": {""accuracy"": 50.0, ""f1_score"": 33.33, ""correct"": 4, ""total"": 8}}","{""angle22"": {""accuracy"": 50.0, ""f1_score"": 33.33, ""correct"": 8, ""total"": 16}, ""angle45"": {""accuracy"": 50.0, ""f1_score"": 33.33, ""correct"": 8, ""total"": 16}}",,
11,2025-12-02 10:55:40,20251202_105540,_exp_20251202_125414,_exp_20251202_125414_train,_exp_20251202_125414_test,100,1.0,42,"factory_dark,factory_dark_stripes,noise,stripes","left,right","0,15,30","0.0,14.0",640x480,4,12.0,0.0,1.0,none,1.0,0,0.0,0.1,20,20,20,15,0.0,false,,,,,false,,,,false,"factory_dark,factory_dark_stripes,noise,stripes","left,right","22,45","0.0,14.0",640x480,4,12.0,0.0,1.0,none,1.0,0,0.0,0.1,20,20,15,10,0.0,false,,,,,false,,,,false,Qwen/Qwen2.5-VL-3B-Instruct,qwen2_vl,saves/qwen2vl-treadmill-lora-pipeline,8,16,0.05,8192,1,8,5e-05,3,cosine,0.1,False,True,4,10,100,100,128,1024,4.0,128,0.8,True,False,False,False,skipped,completed,completed,84.38,83.98,0.00,0.00,88.10,84.38,11,16,16,16,50.00,33.33,0.00,0.00,25.00,50.00,16,16,0,16,"{""factory_dark"": {""accuracy"": 100.0, ""f1_score"": 100.0, ""correct"": 8, ""total"": 8}, ""factory_dark_stripes"": {""accuracy"": 87.5, ""f1_score"": 87.3, ""correct"": 7, ""total"": 8}, ""noise"": {""accuracy"": 100.0, ""f1_score"": 100.0, ""correct"": 8, ""total"": 8}, ""stripes"": {""accuracy"": 50.0, ""f1_score"": 33.33, ""correct"": 4, ""total"": 8}}","{""angle22"": {""accuracy"": 81.25, ""f1_score"": 80.57, ""correct"": 13, ""total"": 16}, ""angle45"": {""accuracy"": 87.5, ""f1_score"": 87.3, ""correct"": 14, ""total"": 16}}","{""factory_dark"": {""accuracy"": 50.0, ""f1_score"": 33.33, ""correct"": 4, ""total"": 8}, ""factory_dark_stripes"": {""accuracy"": 50.0, ""f1_score"": 33.33, ""correct"": 4, ""total"": 8}, ""noise"": {""accuracy"": 50.0, ""f1_score"": 33.33, ""correct"": 4, ""total"": 8}, ""stripes"": {""accuracy"": 50.0, ""f1_score"": 33.33, ""correct"": 4, ""total"": 8}}","{""angle22"": {""accuracy"": 50.0, ""f1_score"": 33.33, ""correct"": 8, ""total"": 16}, ""angle45"": {""accuracy"": 50.0, ""f1_score"": 33.33, ""correct"": 8, ""total"": 16}}",,
12,2025-12-02 11:05:48,20251202_110548,_exp_20251202_130454,_exp_20251202_130454_train,_exp_20251202_130454_test,100,1.0,42,"factory_dark,factory_dark_stripes,noise,stripes","left,right","0,15,30","0.0,14.0",640x480,4,12.0,0.0,1.0,none,1.0,0,0.0,0.1,20,20,20,15,0.0,false,,,,,false,,,,false,"factory_dark,factory_dark_stripes,noise,stripes","left,right","22,45","0.0,14.0",640x480,4,12.0,0.0,1.0,none,1.0,0,0.0,0.1,20,20,15,10,0.0,false,,,,,false,,,,false,Qwen/Qwen2.5-VL-3B-Instruct,qwen2_vl,saves/qwen2vl-treadmill-lora-pipeline,8,16,0.05,8192,1,8,5e-05,3,cosine,0.1,False,True,4,10,100,100,128,1024,4.0,128,0.8,True,False,False,False,skipped,completed,completed,84.38,83.98,0.00,0.00,88.10,84.38,11,16,16,16,50.00,33.33,0.00,0.00,25.00,50.00,16,16,0,16,"{""factory_dark"": {""accuracy"": 100.0, ""f1_score"": 100.0, ""correct"": 8, ""total"": 8}, ""factory_dark_stripes"": {""accuracy"": 87.5, ""f1_score"": 87.3, ""correct"": 7, ""total"": 8}, ""noise"": {""accuracy"": 100.0, ""f1_score"": 100.0, ""correct"": 8, ""total"": 8}, ""stripes"": {""accuracy"": 50.0, ""f1_score"": 33.33, ""correct"": 4, ""total"": 8}}","{""angle22"": {""accuracy"": 81.25, ""f1_score"": 80.57, ""correct"": 13, ""total"": 16}, ""angle45"": {""accuracy"": 87.5, ""f1_score"": 87.3, ""correct"": 14, ""total"": 16}}","{""factory_dark"": {""accuracy"": 50.0, ""f1_score"": 33.33, ""correct"": 4, ""total"": 8}, ""factory_dark_stripes"": {""accuracy"": 50.0, ""f1_score"": 33.33, ""correct"": 4, ""total"": 8}, ""noise"": {""accuracy"": 50.0, ""f1_score"": 33.33, ""correct"": 4, ""total"": 8}, ""stripes"": {""accuracy"": 50.0, ""f1_score"": 33.33, ""correct"": 4, ""total"": 8}}","{""angle22"": {""accuracy"": 50.0, ""f1_score"": 33.33, ""correct"": 8, ""total"": 16}, ""angle45"": {""accuracy"": 50.0, ""f1_score"": 33.33, ""correct"": 8, ""total"": 16}}",,
13,2025-12-02 11:19:27,20251202_111927,_exp_20251202_131837,_exp_20251202_131837_train,_exp_20251202_131837_test,100,1.0,42,"factory_dark,factory_dark_stripes,noise,stripes","left,right","0,15,30","0.0,14.0",640x480,4,12.0,0.0,1.0,none,1.0,0,0.0,0.1,20,20,20,15,0.0,false,,,,,false,,,,false,"factory_dark,factory_dark_stripes,noise,stripes","left,right","22,45","0.0,14.0",640x480,4,12.0,0.0,1.0,none,1.0,0,0.0,0.1,20,20,15,10,0.0,false,,,,,false,,,,false,Qwen/Qwen2.5-VL-3B-Instruct,qwen2_vl,saves/qwen2vl-treadmill-lora-pipeline,8,16,0.05,8192,1,8,5e-05,3,cosine,0.1,False,True,4,10,100,100,128,1024,4.0,128,0.8,True,False,False,False,skipped,completed,completed,84.38,83.98,0.00,0.00,88.10,84.38,11,16,16,16,90.62,90.54,0.00,0.00,92.11,90.62,13,16,16,16,"{""factory_dark"": {""accuracy"": 100.0, ""f1_score"": 100.0, ""correct"": 8, ""total"": 8}, ""factory_dark_stripes"": {""accuracy"": 87.5, ""f1_score"": 87.3, ""correct"": 7, ""total"": 8}, ""noise"": {""accuracy"": 100.0, ""f1_score"": 100.0, ""correct"": 8, ""total"": 8}, ""stripes"": {""accuracy"": 50.0, ""f1_score"": 33.33, ""correct"": 4, ""total"": 8}}","{""angle22"": {""accuracy"": 81.25, ""f1_score"": 80.57, ""correct"": 13, ""total"": 16}, ""angle45"": {""accuracy"": 87.5, ""f1_score"": 87.3, ""correct"": 14, ""total"": 16}}","{""factory_dark"": {""accuracy"": 100.0, ""f1_score"": 100.0, ""correct"": 8, ""total"": 8}, ""factory_dark_stripes"": {""accuracy"": 100.0, ""f1_score"": 100.0, ""correct"": 8, ""total"": 8}, ""noise"": {""accuracy"": 100.0, ""f1_score"": 100.0, ""correct"": 8, ""total"": 8}, ""stripes"": {""accuracy"": 62.5, ""f1_score"": 56.36, ""correct"": 5, ""total"": 8}}","{""angle22"": {""accuracy"": 87.5, ""f1_score"": 87.3, ""correct"": 14, ""total"": 16}, ""angle45"": {""accuracy"": 93.75, ""f1_score"": 93.73, ""correct"": 15, ""total"": 16}}",,
14,2025-12-02 12:46:36,20251202_124636,_exp_20251202_144244,_exp_20251202_144244_train,_exp_20251202_144244_test,100,1.0,42,"subtle_gray_stripes,noise","left,right","0.0,22.0,35.0,45.0","0.0,14.0",640x480,4,12.0,0.0,1.0,none,1.0,0,0.0,0.1,20,20,"20,21","15,16",0.0,false,,,,,false,,,,false,"subtle_gray_stripes,factory_dark,stripes,diamond","left,right","0,15.0,30.0,45.0","0.0,14.0",640x480,4,12.0,0.0,1.0,none,1.0,0,0.0,0.1,20,20,"15,16","10,11",0.0,true,box,,,,true,,medium,,false,Qwen/Qwen2.5-VL-3B-Instruct,qwen2_vl,saves/qwen2vl-treadmill-lora-pipeline,8,16,0.05,8192,1,8,5e-05,5,cosine,0.1,False,True,4,10,100,100,128,1024,4.0,128,0.8,True,False,False,False,skipped,completed,completed,70.31,69.17,0.00,0.00,73.86,70.31,49,96,86,96,91.67,91.61,0.00,0.00,92.86,91.67,96,96,80,96,"{""factory_dark"": {""accuracy"": 96.88, ""f1_score"": 96.87, ""correct"": 62, ""total"": 64}, ""stripes"": {""accuracy"": 59.38, ""f1_score"": 51.35, ""correct"": 38, ""total"": 64}, ""subtle_gray_stripes_stripe15_bg10"": {""accuracy"": 50.0, ""f1_score"": 46.67, ""correct"": 8, ""total"": 16}, ""subtle_gray_stripes_stripe15_bg11"": {""accuracy"": 56.25, ""f1_score"": 54.66, ""correct"": 9, ""total"": 16}, ""subtle_gray_stripes_stripe16_bg10"": {""accuracy"": 50.0, ""f1_score"": 46.67, ""correct"": 8, ""total"": 16}, ""subtle_gray_stripes_stripe16_bg11"": {""accuracy"": 62.5, ""f1_score"": 61.9, ""correct"": 10, ""total"": 16}}","{""angle0"": {""accuracy"": 66.67, ""f1_score"": 66.43, ""correct"": 32, ""total"": 48}, ""angle15"": {""accuracy"": 66.67, ""f1_score"": 62.5, ""correct"": 32, ""total"": 48}, ""angle30"": {""accuracy"": 75.0, ""f1_score"": 73.33, ""correct"": 36, ""total"": 48}, ""angle45"": {""accuracy"": 72.92, ""f1_score"": 70.77, ""correct"": 35, ""total"": 48}}","{""factory_dark"": {""accuracy"": 96.88, ""f1_score"": 96.87, ""correct"": 62, ""total"": 64}, ""stripes"": {""accuracy"": 87.5, ""f1_score"": 87.3, ""correct"": 56, ""total"": 64}, ""subtle_gray_stripes_stripe15_bg10"": {""accuracy"": 87.5, ""f1_score"": 87.3, ""correct"": 14, ""total"": 16}, ""subtle_gray_stripes_stripe15_bg11"": {""accuracy"": 100.0, ""f1_score"": 100.0, ""correct"": 16, ""total"": 16}, ""subtle_gray_stripes_stripe16_bg10"": {""accuracy"": 93.75, ""f1_score"": 93.73, ""correct"": 15, ""total"": 16}, ""subtle_gray_stripes_stripe16_bg11"": {""accuracy"": 81.25, ""f1_score"": 80.57, ""correct"": 13, ""total"": 16}}","{""angle0"": {""accuracy"": 83.33, ""f1_score"": 82.86, ""correct"": 40, ""total"": 48}, ""angle15"": {""accuracy"": 93.75, ""f1_score"": 93.73, ""correct"": 45, ""total"": 48}, ""angle30"": {""accuracy"": 95.83, ""f1_score"": 95.83, ""correct"": 46, ""total"": 48}, ""angle45"": {""accuracy"": 93.75, ""f1_score"": 93.73, ""correct"": 45, ""total"": 48}}",,
15,2025-12-02 12:51:13,20251202_125113,_exp_20251202_144656,_exp_20251202_144656_train,_exp_20251202_144656_test,100,1.0,42,"subtle_gray_stripes,noise","left,right","0.0,22.0,35.0,45.0","0.0,14.0",640x480,4,12.0,0.0,1.0,none,1.0,0,0.0,0.1,20,20,"20,21","15,16",0.0,false,,,,,false,,,,false,"subtle_gray_stripes,factory_dark,stripes,diamond_plate","left,right","0,15.0,30.0,45.0","0.0,14.0",640x480,4,12.0,0.0,1.0,none,1.0,0,0.0,0.1,20,20,"15,16","10,11",0.0,true,box,,,,true,,medium,,false,Qwen/Qwen2.5-VL-3B-Instruct,qwen2_vl,saves/qwen2vl-treadmill-lora-pipeline,8,16,0.05,8192,1,8,5e-05,5,cosine,0.1,False,True,4,10,100,100,128,1024,4.0,128,0.8,True,False,False,False,failed,failed,failed,,,,,,,,,,,,,,,,,,,,,,,,,,
16,2025-12-02 14:10:47,20251202_141047,_exp_20251202_144656,_exp_20251202_144656_train,_exp_20251202_144656_test,100,1.0,42,,,,,,,,,,,,,,,,,,,,,,,,,,,,,,,,,,,,,,,,,,,,,,,,,,,,,,,,,,,Qwen/Qwen2.5-VL-3B-Instruct,qwen2_vl,saves/qwen2vl-treadmill-lora-pipeline,8,16,0.05,8192,1,8,5e-05,5,cosine,0.1,False,True,4,10,100,100,128,1024,2.0,128,0.8,True,False,False,False,skipped,completed,completed,77.73,77.26,0.00,0.00,80.26,77.73,81,128,118,128,93.75,93.73,0.00,0.00,94.44,93.75,128,128,112,128,"{""diamond_plate"": {""accuracy"": 100.0, ""f1_score"": 100.0, ""correct"": 64, ""total"": 64}, ""factory_dark"": {""accuracy"": 96.88, ""f1_score"": 96.87, ""correct"": 62, ""total"": 64}, ""stripes"": {""accuracy"": 59.38, ""f1_score"": 51.35, ""correct"": 38, ""total"": 64}, ""subtle_gray_stripes_stripe15_bg10"": {""accuracy"": 50.0, ""f1_score"": 46.67, ""correct"": 8, ""total"": 16}, ""subtle_gray_stripes_stripe15_bg11"": {""accuracy"": 56.25, ""f1_score"": 54.66, ""correct"": 9, ""total"": 16}, ""subtle_gray_stripes_stripe16_bg10"": {""accuracy"": 50.0, ""f1_score"": 46.67, ""correct"": 8, ""total"": 16}, ""subtle_gray_stripes_stripe16_bg11"": {""accuracy"": 62.5, ""f1_score"": 61.9, ""correct"": 10, ""total"": 16}}","{""angle0"": {""accuracy"": 75.0, ""f1_score"": 74.9, ""correct"": 48, ""total"": 64}, ""angle15"": {""accuracy"": 75.0, ""f1_score"": 73.33, ""correct"": 48, ""total"": 64}, ""angle30"": {""accuracy"": 81.25, ""f1_score"": 80.57, ""correct"": 52, ""total"": 64}, ""angle45"": {""accuracy"": 79.69, ""f1_score"": 78.81, ""correct"": 51, ""total"": 64}}","{""diamond_plate"": {""accuracy"": 100.0, ""f1_score"": 100.0, ""correct"": 64, ""total"": 64}, ""factory_dark"": {""accuracy"": 96.88, ""f1_score"": 96.87, ""correct"": 62, ""total"": 64}, ""stripes"": {""accuracy"": 87.5, ""f1_score"": 87.3, ""correct"": 56, ""total"": 64}, ""subtle_gray_stripes_stripe15_bg10"": {""accuracy"": 87.5, ""f1_score"": 87.3, ""correct"": 14, ""total"": 16}, ""subtle_gray_stripes_stripe15_bg11"": {""accuracy"": 100.0, ""f1_score"": 100.0, ""correct"": 16, ""total"": 16}, ""subtle_gray_stripes_stripe16_bg10"": {""accuracy"": 93.75, ""f1_score"": 93.73, ""correct"": 15, ""total"": 16}, ""subtle_gray_stripes_stripe16_bg11"": {""accuracy"": 81.25, ""f1_score"": 80.57, ""correct"": 13, ""total"": 16}}","{""angle0"": {""accuracy"": 87.5, ""f1_score"": 87.3, ""correct"": 56, ""total"": 64}, ""angle15"": {""accuracy"": 95.31, ""f1_score"": 95.3, ""correct"": 61, ""total"": 64}, ""angle30"": {""accuracy"": 96.88, ""f1_score"": 96.87, ""correct"": 62, ""total"": 64}, ""angle45"": {""accuracy"": 95.31, ""f1_score"": 95.3, ""correct"": 61, ""total"": 64}}",,
