experiment_id,timestamp,run_timestamp,dataset_name,train_dataset_name,test_dataset_name,num_videos,train_split,seed,train_texture_type,train_direction,train_view_angle,train_speed_range,train_resolution,train_fps,train_duration,train_brightness,train_contrast,train_lighting_variation,train_lighting_intensity,train_motion_blur,train_camera_noise,train_edge_width,train_distance,train_center_randomization,train_stripe_width,train_stripe_spacing,train_stripe_gray,train_background_gray,train_stripe_distance_variance,train_add_object,train_object_type,train_object_position,train_object_size,train_num_objects,train_add_blur,train_blur_type,train_blur_intensity,train_random_blur_variation,train_vary_parameters,test_texture_type,test_direction,test_view_angle,test_speed_range,test_resolution,test_fps,test_duration,test_brightness,test_contrast,test_lighting_variation,test_lighting_intensity,test_motion_blur,test_camera_noise,test_edge_width,test_distance,test_center_randomization,test_stripe_width,test_stripe_spacing,test_stripe_gray,test_background_gray,test_stripe_distance_variance,test_add_object,test_object_type,test_object_position,test_object_size,test_num_objects,test_add_blur,test_blur_type,test_blur_intensity,test_random_blur_variation,test_vary_parameters,model_name_or_path,template,lora_output_dir,lora_rank,lora_alpha,lora_dropout,cutoff_len,per_device_train_batch_size,gradient_accumulation_steps,learning_rate,lr_scheduler_type,warmup_ratio,bf16,fp16,quantization_bit,logging_steps,save_steps,eval_steps,eval_method,eval_max_new_tokens,eval_batch_size,eval_video_fps,eval_video_maxlen,gpu_memory_utilization,skip_dataset,skip_training,skip_evaluation,use_docker,dataset_status,training_status,evaluation_status,base_model_accuracy,base_model_f1_score,base_model_f1_moving,base_model_f1_stopped,base_model_precision,base_model_recall,base_model_moving_correct,base_model_moving_total,base_model_stopped_correct,base_model_stopped_total,finetuned_model_accuracy,finetuned_model_f1_score,finetuned_model_f1_moving,finetuned_model_f1_stopped,finetuned_model_precision,finetuned_model_recall,finetuned_model_moving_correct,finetuned_model_moving_total,finetuned_model_stopped_correct,finetuned_model_stopped_total,base_model_per_texture_results,base_model_per_angle_results,finetuned_model_per_texture_results,finetuned_model_per_angle_results,notes_1,notes_2,model_path,model_name,use_dora,adapter_type,num_train_epochs,dataset_comparison_report
10,2025-12-07 10:59:14,20251207_105914,_exp_20251207_125853,_exp_20251207_125853_train,_exp_20251207_125853_test,100,1.0,42,subtle_gray_stripes,left,"0.0,30.0","0.0,14.0",640x480,4,12.0,0.0,1.0,none,1.0,0,0.0,0.1,,,10,60,"228,229","120,121",0.0,false,,,,,false,,,,false,subtle_gray_stripes,left,"0.0,30.0","0.0,80.0",640x480,4,12.0,0.0,1.0,none,1.0,0,0.0,0.1,,,10,60,"83,84","3,4",0.0,false,,,,,false,,,,false,Qwen/Qwen2.5-VL-3B-Instruct,qwen2_vl,saves/speed_gray_dora_dec7,8,16,0.05,8192,1,8,5e-05,cosine,0.1,False,True,4,10,100,100,yesno,128,1024,4.0,128,0.8,True,False,False,False,skipped,completed,completed,50.00,33.33,0.00,66.67,25.00,50.00,0,8,8,8,50.00,33.33,0.00,66.67,25.00,50.00,0,8,8,8,"{""subtle_gray_stripes_stripe83_bg3"": {""accuracy"": 50.0, ""f1_score"": 33.33, ""correct"": 2, ""total"": 4}, ""subtle_gray_stripes_stripe83_bg4"": {""accuracy"": 50.0, ""f1_score"": 33.33, ""correct"": 2, ""total"": 4}, ""subtle_gray_stripes_stripe84_bg3"": {""accuracy"": 50.0, ""f1_score"": 33.33, ""correct"": 2, ""total"": 4}, ""subtle_gray_stripes_stripe84_bg4"": {""accuracy"": 50.0, ""f1_score"": 33.33, ""correct"": 2, ""total"": 4}}","{""angle0"": {""accuracy"": 50.0, ""f1_score"": 33.33, ""correct"": 4, ""total"": 8}, ""angle30"": {""accuracy"": 50.0, ""f1_score"": 33.33, ""correct"": 4, ""total"": 8}}","{""subtle_gray_stripes_stripe83_bg3"": {""accuracy"": 50.0, ""f1_score"": 33.33, ""correct"": 2, ""total"": 4}, ""subtle_gray_stripes_stripe83_bg4"": {""accuracy"": 50.0, ""f1_score"": 33.33, ""correct"": 2, ""total"": 4}, ""subtle_gray_stripes_stripe84_bg3"": {""accuracy"": 50.0, ""f1_score"": 33.33, ""correct"": 2, ""total"": 4}, ""subtle_gray_stripes_stripe84_bg4"": {""accuracy"": 50.0, ""f1_score"": 33.33, ""correct"": 2, ""total"": 4}}","{""angle0"": {""accuracy"": 50.0, ""f1_score"": 33.33, ""correct"": 4, ""total"": 8}, ""angle30"": {""accuracy"": 50.0, ""f1_score"": 33.33, ""correct"": 4, ""total"": 8}}",,,saves/speed_gray_dora_dec7,speed_gray_dora_dec7,True,,1,analytics/reports/_exp_20251207_125853_dual_report_20251207_130223.html
12,2025-12-07 11:37:57,20251207_113757,_exp_20251207_133735,_exp_20251207_133735_train,_exp_20251207_133735_test,100,1.0,42,subtle_gray_stripes,left,"0.0,30.0","0.0,14.0",640x480,4,12.0,0.0,1.0,none,1.0,0,0.0,0.1,,,10,60,"228,229","120,121",0.0,false,,,,,false,,,,false,subtle_gray_stripes,left,"0.0,30.0","0.0,80.0",640x480,4,12.0,0.0,1.0,none,1.0,0,0.0,0.1,,,10,60,"83,84","3,4",0.0,false,,,,,false,,,,false,Qwen/Qwen2.5-VL-3B-Instruct,qwen2_vl,saves/speed_gray_fresh_dec7,8,16,0.05,8192,1,8,5e-05,cosine,0.1,False,True,4,10,100,100,yesno,128,1024,4.0,128,0.8,True,False,False,False,skipped,completed,completed,50.00,33.33,0.00,66.67,25.00,50.00,0,8,8,8,50.00,33.33,0.00,66.67,25.00,50.00,0,8,8,8,"{""subtle_gray_stripes_stripe83_bg3"": {""accuracy"": 50.0, ""f1_score"": 33.33, ""correct"": 2, ""total"": 4}, ""subtle_gray_stripes_stripe83_bg4"": {""accuracy"": 50.0, ""f1_score"": 33.33, ""correct"": 2, ""total"": 4}, ""subtle_gray_stripes_stripe84_bg3"": {""accuracy"": 50.0, ""f1_score"": 33.33, ""correct"": 2, ""total"": 4}, ""subtle_gray_stripes_stripe84_bg4"": {""accuracy"": 50.0, ""f1_score"": 33.33, ""correct"": 2, ""total"": 4}}","{""angle0"": {""accuracy"": 50.0, ""f1_score"": 33.33, ""correct"": 4, ""total"": 8}, ""angle30"": {""accuracy"": 50.0, ""f1_score"": 33.33, ""correct"": 4, ""total"": 8}}","{""subtle_gray_stripes_stripe83_bg3"": {""accuracy"": 50.0, ""f1_score"": 33.33, ""correct"": 2, ""total"": 4}, ""subtle_gray_stripes_stripe83_bg4"": {""accuracy"": 50.0, ""f1_score"": 33.33, ""correct"": 2, ""total"": 4}, ""subtle_gray_stripes_stripe84_bg3"": {""accuracy"": 50.0, ""f1_score"": 33.33, ""correct"": 2, ""total"": 4}, ""subtle_gray_stripes_stripe84_bg4"": {""accuracy"": 50.0, ""f1_score"": 33.33, ""correct"": 2, ""total"": 4}}","{""angle0"": {""accuracy"": 50.0, ""f1_score"": 33.33, ""correct"": 4, ""total"": 8}, ""angle30"": {""accuracy"": 50.0, ""f1_score"": 33.33, ""correct"": 4, ""total"": 8}}",,,saves/speed_gray_fresh_dec7,speed_gray_fresh_dec7,True,,1,
14,2025-12-07 12:30:55,20251207_123055,_exp_20251207_143033,_exp_20251207_143033_train,_exp_20251207_143033_test,100,1.0,42,subtle_gray_stripes,left,"0.0,30.0","0.0,14.0",640x480,4,12.0,0.0,1.0,none,1.0,0,0.0,0.1,1.0,,10,60,"228,229",120,0.0,false,,,,,false,,,,false,subtle_gray_stripes,left,"0.0,30.0","0.0,80.0",640x480,4,12.0,0.0,1.0,none,1.0,0,0.0,0.1,"1.0,3.0,7.0",,10,60,83,"3,4",0.0,false,,,,,false,,,,false,Qwen/Qwen2.5-VL-3B-Instruct,qwen2_vl,saves/speedgray_working_8,8,16,0.05,8192,1,8,5e-05,cosine,0.1,False,True,4,10,100,100,yesno,128,1024,4.0,128,0.8,True,False,False,False,skipped,completed,completed,50.00,33.33,0.00,66.67,25.00,50.00,0,12,12,12,50.00,33.33,0.00,66.67,25.00,50.00,0,12,12,12,"{""subtle_gray_stripes_stripe83_bg3"": {""accuracy"": 50.0, ""f1_score"": 33.33, ""correct"": 6, ""total"": 12}, ""subtle_gray_stripes_stripe83_bg4"": {""accuracy"": 50.0, ""f1_score"": 33.33, ""correct"": 6, ""total"": 12}}","{""angle0"": {""accuracy"": 50.0, ""f1_score"": 33.33, ""correct"": 6, ""total"": 12}, ""angle30"": {""accuracy"": 50.0, ""f1_score"": 33.33, ""correct"": 6, ""total"": 12}}","{""subtle_gray_stripes_stripe83_bg3"": {""accuracy"": 50.0, ""f1_score"": 33.33, ""correct"": 6, ""total"": 12}, ""subtle_gray_stripes_stripe83_bg4"": {""accuracy"": 50.0, ""f1_score"": 33.33, ""correct"": 6, ""total"": 12}}","{""angle0"": {""accuracy"": 50.0, ""f1_score"": 33.33, ""correct"": 6, ""total"": 12}, ""angle30"": {""accuracy"": 50.0, ""f1_score"": 33.33, ""correct"": 6, ""total"": 12}}",,,saves/speedgray_working_8,speedgray_working_8,True,,1,file:///mnt/c/Users/shaha/Desktop/Qwen2.5/LLaMA-Factory/analytics/reports/_exp_20251207_143033_dual_report_20251207_143409.html
15,2025-12-07 14:23:22,20251207_142322,_exp_20251207_162301,_exp_20251207_162301_train,_exp_20251207_162301_test,100,1.0,42,subtle_gray_stripes,left,0.0,"0.0,14.0",640x480,4,12.0,0.0,1.0,none,1.0,0,0.0,0.1,1.0,,10,60,"228,229",120,0.0,false,,,,,false,,,,false,subtle_gray_stripes,left,"0.0,30.0","0.0,80.0",640x480,4,12.0,0.0,1.0,none,1.0,0,0.0,0.1,"1.0,3.0,7.0",,10,60,83,"3,4",0.0,false,,,,,false,,,,false,Qwen/Qwen2.5-VL-3B-Instruct,qwen2_vl,saves/speedgray_extreme_test_dec7,8,16,0.05,8192,1,8,5e-05,cosine,0.1,False,True,4,10,100,100,yesno,128,1024,4.0,128,0.8,True,False,False,False,skipped,completed,completed,50.00,33.33,0.00,66.67,25.00,50.00,0,12,12,12,50.00,33.33,0.00,66.67,25.00,50.00,0,12,12,12,"{""subtle_gray_stripes_stripe83_bg3"": {""accuracy"": 50.0, ""f1_score"": 33.33, ""correct"": 6, ""total"": 12}, ""subtle_gray_stripes_stripe83_bg4"": {""accuracy"": 50.0, ""f1_score"": 33.33, ""correct"": 6, ""total"": 12}}","{""angle0"": {""accuracy"": 50.0, ""f1_score"": 33.33, ""correct"": 6, ""total"": 12}, ""angle30"": {""accuracy"": 50.0, ""f1_score"": 33.33, ""correct"": 6, ""total"": 12}}","{""subtle_gray_stripes_stripe83_bg3"": {""accuracy"": 50.0, ""f1_score"": 33.33, ""correct"": 6, ""total"": 12}, ""subtle_gray_stripes_stripe83_bg4"": {""accuracy"": 50.0, ""f1_score"": 33.33, ""correct"": 6, ""total"": 12}}","{""angle0"": {""accuracy"": 50.0, ""f1_score"": 33.33, ""correct"": 6, ""total"": 12}, ""angle30"": {""accuracy"": 50.0, ""f1_score"": 33.33, ""correct"": 6, ""total"": 12}}",,,saves/speedgray_extreme_test_dec7,speedgray_extreme_test_dec7,True,,1,file:///mnt/c/Users/shaha/Desktop/Qwen2.5/LLaMA-Factory/analytics/reports/_exp_20251207_162301_dual_report_20251207_164932.html
16,2025-12-07 15:26:20,20251207_152620,_exp_20251207_172213,_exp_20251207_172213_train,_exp_20251207_172213_test,100,1.0,42,subtle_gray_stripes,left,"0.0,30.0","0.0,14.0",640x480,4,12.0,0.0,1.0,none,1.0,0,0.0,0.1,1.0,,10,60,"226,227,228,229","120,121,123,124",0.0,false,,,,,false,,,,false,subtle_gray_stripes,left,"0.0,30.0","0.0,14.0",640x480,4,12.0,0.0,1.0,none,1.0,0,0.0,0.1,"1.0,3.0,5.0,8.0,10.0",,10,60,"226,227,228,229","120,121,123,124",0.0,false,,,,,false,,,,false,Qwen/Qwen2.5-VL-3B-Instruct,qwen2_vl,saves/dist_gen_1to10_left_gray_dora_dec7,8,16,0.05,8192,14,1,5e-05,cosine,0.1,False,True,4,10,100,100,yesno,128,1024,4.0,128,0.8,True,False,False,False,skipped,completed,completed,50.00,33.33,0.00,66.67,25.00,50.00,0,160,160,160,59.06,51.69,32.82,70.56,73.26,59.06,32,160,157,160,"{""subtle_gray_stripes_stripe226_bg120"": {""accuracy"": 50.0, ""f1_score"": 33.33, ""correct"": 10, ""total"": 20}, ""subtle_gray_stripes_stripe226_bg121"": {""accuracy"": 50.0, ""f1_score"": 33.33, ""correct"": 10, ""total"": 20}, ""subtle_gray_stripes_stripe226_bg123"": {""accuracy"": 50.0, ""f1_score"": 33.33, ""correct"": 10, ""total"": 20}, ""subtle_gray_stripes_stripe226_bg124"": {""accuracy"": 50.0, ""f1_score"": 33.33, ""correct"": 10, ""total"": 20}, ""subtle_gray_stripes_stripe227_bg120"": {""accuracy"": 50.0, ""f1_score"": 33.33, ""correct"": 10, ""total"": 20}, ""subtle_gray_stripes_stripe227_bg121"": {""accuracy"": 50.0, ""f1_score"": 33.33, ""correct"": 10, ""total"": 20}, ""subtle_gray_stripes_stripe227_bg123"": {""accuracy"": 50.0, ""f1_score"": 33.33, ""correct"": 10, ""total"": 20}, ""subtle_gray_stripes_stripe227_bg124"": {""accuracy"": 50.0, ""f1_score"": 33.33, ""correct"": 10, ""total"": 20}, ""subtle_gray_stripes_stripe228_bg120"": {""accuracy"": 50.0, ""f1_score"": 33.33, ""correct"": 10, ""total"": 20}, ""subtle_gray_stripes_stripe228_bg121"": {""accuracy"": 50.0, ""f1_score"": 33.33, ""correct"": 10, ""total"": 20}, ""subtle_gray_stripes_stripe228_bg123"": {""accuracy"": 50.0, ""f1_score"": 33.33, ""correct"": 10, ""total"": 20}, ""subtle_gray_stripes_stripe228_bg124"": {""accuracy"": 50.0, ""f1_score"": 33.33, ""correct"": 10, ""total"": 20}, ""subtle_gray_stripes_stripe229_bg120"": {""accuracy"": 50.0, ""f1_score"": 33.33, ""correct"": 10, ""total"": 20}, ""subtle_gray_stripes_stripe229_bg121"": {""accuracy"": 50.0, ""f1_score"": 33.33, ""correct"": 10, ""total"": 20}, ""subtle_gray_stripes_stripe229_bg123"": {""accuracy"": 50.0, ""f1_score"": 33.33, ""correct"": 10, ""total"": 20}, ""subtle_gray_stripes_stripe229_bg124"": {""accuracy"": 50.0, ""f1_score"": 33.33, ""correct"": 10, ""total"": 20}}","{""angle0"": {""accuracy"": 50.0, ""f1_score"": 33.33, ""correct"": 80, ""total"": 160}, ""angle30"": {""accuracy"": 50.0, ""f1_score"": 33.33, ""correct"": 80, ""total"": 160}}","{""subtle_gray_stripes_stripe226_bg120"": {""accuracy"": 60.0, ""f1_score"": 52.38, ""correct"": 12, ""total"": 20}, ""subtle_gray_stripes_stripe226_bg121"": {""accuracy"": 55.0, ""f1_score"": 48.72, ""correct"": 11, ""total"": 20}, ""subtle_gray_stripes_stripe226_bg123"": {""accuracy"": 55.0, ""f1_score"": 48.72, ""correct"": 11, ""total"": 20}, ""subtle_gray_stripes_stripe226_bg124"": {""accuracy"": 60.0, ""f1_score"": 52.38, ""correct"": 12, ""total"": 20}, ""subtle_gray_stripes_stripe227_bg120"": {""accuracy"": 60.0, ""f1_score"": 52.38, ""correct"": 12, ""total"": 20}, ""subtle_gray_stripes_stripe227_bg121"": {""accuracy"": 60.0, ""f1_score"": 52.38, ""correct"": 12, ""total"": 20}, ""subtle_gray_stripes_stripe227_bg123"": {""accuracy"": 60.0, ""f1_score"": 52.38, ""correct"": 12, ""total"": 20}, ""subtle_gray_stripes_stripe227_bg124"": {""accuracy"": 60.0, ""f1_score"": 52.38, ""correct"": 12, ""total"": 20}, ""subtle_gray_stripes_stripe228_bg120"": {""accuracy"": 60.0, ""f1_score"": 52.38, ""correct"": 12, ""total"": 20}, ""subtle_gray_stripes_stripe228_bg121"": {""accuracy"": 60.0, ""f1_score"": 52.38, ""correct"": 12, ""total"": 20}, ""subtle_gray_stripes_stripe228_bg123"": {""accuracy"": 60.0, ""f1_score"": 52.38, ""correct"": 12, ""total"": 20}, ""subtle_gray_stripes_stripe228_bg124"": {""accuracy"": 60.0, ""f1_score"": 52.38, ""correct"": 12, ""total"": 20}, ""subtle_gray_stripes_stripe229_bg120"": {""accuracy"": 60.0, ""f1_score"": 52.38, ""correct"": 12, ""total"": 20}, ""subtle_gray_stripes_stripe229_bg121"": {""accuracy"": 60.0, ""f1_score"": 52.38, ""correct"": 12, ""total"": 20}, ""subtle_gray_stripes_stripe229_bg123"": {""accuracy"": 55.0, ""f1_score"": 48.72, ""correct"": 11, ""total"": 20}, ""subtle_gray_stripes_stripe229_bg124"": {""accuracy"": 60.0, ""f1_score"": 52.38, ""correct"": 12, ""total"": 20}}","{""angle0"": {""accuracy"": 58.75, ""f1_score"": 51.46, ""correct"": 94, ""total"": 160}, ""angle30"": {""accuracy"": 59.38, ""f1_score"": 51.92, ""correct"": 95, ""total"": 160}}",,,saves/dist_gen_1to10_left_gray_dora_dec7,dist_gen_1to10_left_gray_dora_dec7,True,,7,file:///mnt/c/Users/shaha/Desktop/Qwen2.5/LLaMA-Factory/analytics/reports/_exp_20251207_172213_dual_report_20251207_192115.html
17,2025-12-07 17:57:18,20251207_175718,_exp_20251207_195555,_exp_20251207_195555_train,_exp_20251207_195555_test,100,1.0,42,subtle_gray_stripes,left,0.0,"0.0,14.0",640x480,4,12.0,0.0,1.0,none,1.0,0,0.0,0.1,1.0,0,10,60,226,120,0.0,false,,,,,false,,,,false,subtle_gray_stripes,left,"0.0,30.0","0.0,14.0",640x480,4,12.0,0.0,1.0,none,1.0,0,0.0,0.1,1.0,"0,1",10,60,"226,227,228,229","120,121,122,123",0.0,false,,,,,false,,,,false,Qwen/Qwen2.5-VL-3B-Instruct,qwen2_vl,saves/dist_gen_1to10_left_gray_dora_dec7,8,16,0.05,8192,1,8,5e-05,cosine,0.1,False,True,4,10,100,100,yesno,128,1024,4.0,128,0.8,True,True,False,False,skipped,skipped,completed,50.00,33.33,0.00,66.67,25.00,50.00,0,64,64,64,96.88,96.87,96.97,96.77,97.06,96.88,64,64,60,64,"{""subtle_gray_stripes_stripe226_bg120"": {""accuracy"": 50.0, ""f1_score"": 33.33, ""correct"": 4, ""total"": 8}, ""subtle_gray_stripes_stripe226_bg121"": {""accuracy"": 50.0, ""f1_score"": 33.33, ""correct"": 4, ""total"": 8}, ""subtle_gray_stripes_stripe226_bg122"": {""accuracy"": 50.0, ""f1_score"": 33.33, ""correct"": 4, ""total"": 8}, ""subtle_gray_stripes_stripe226_bg123"": {""accuracy"": 50.0, ""f1_score"": 33.33, ""correct"": 4, ""total"": 8}, ""subtle_gray_stripes_stripe227_bg120"": {""accuracy"": 50.0, ""f1_score"": 33.33, ""correct"": 4, ""total"": 8}, ""subtle_gray_stripes_stripe227_bg121"": {""accuracy"": 50.0, ""f1_score"": 33.33, ""correct"": 4, ""total"": 8}, ""subtle_gray_stripes_stripe227_bg122"": {""accuracy"": 50.0, ""f1_score"": 33.33, ""correct"": 4, ""total"": 8}, ""subtle_gray_stripes_stripe227_bg123"": {""accuracy"": 50.0, ""f1_score"": 33.33, ""correct"": 4, ""total"": 8}, ""subtle_gray_stripes_stripe228_bg120"": {""accuracy"": 50.0, ""f1_score"": 33.33, ""correct"": 4, ""total"": 8}, ""subtle_gray_stripes_stripe228_bg121"": {""accuracy"": 50.0, ""f1_score"": 33.33, ""correct"": 4, ""total"": 8}, ""subtle_gray_stripes_stripe228_bg122"": {""accuracy"": 50.0, ""f1_score"": 33.33, ""correct"": 4, ""total"": 8}, ""subtle_gray_stripes_stripe228_bg123"": {""accuracy"": 50.0, ""f1_score"": 33.33, ""correct"": 4, ""total"": 8}, ""subtle_gray_stripes_stripe229_bg120"": {""accuracy"": 50.0, ""f1_score"": 33.33, ""correct"": 4, ""total"": 8}, ""subtle_gray_stripes_stripe229_bg121"": {""accuracy"": 50.0, ""f1_score"": 33.33, ""correct"": 4, ""total"": 8}, ""subtle_gray_stripes_stripe229_bg122"": {""accuracy"": 50.0, ""f1_score"": 33.33, ""correct"": 4, ""total"": 8}, ""subtle_gray_stripes_stripe229_bg123"": {""accuracy"": 50.0, ""f1_score"": 33.33, ""correct"": 4, ""total"": 8}}","{""angle0"": {""accuracy"": 50.0, ""f1_score"": 33.33, ""correct"": 32, ""total"": 64}, ""angle30"": {""accuracy"": 50.0, ""f1_score"": 33.33, ""correct"": 32, ""total"": 64}}","{""subtle_gray_stripes_stripe226_bg120"": {""accuracy"": 100.0, ""f1_score"": 100.0, ""correct"": 8, ""total"": 8}, ""subtle_gray_stripes_stripe226_bg121"": {""accuracy"": 75.0, ""f1_score"": 73.33, ""correct"": 6, ""total"": 8}, ""subtle_gray_stripes_stripe226_bg122"": {""accuracy"": 100.0, ""f1_score"": 100.0, ""correct"": 8, ""total"": 8}, ""subtle_gray_stripes_stripe226_bg123"": {""accuracy"": 100.0, ""f1_score"": 100.0, ""correct"": 8, ""total"": 8}, ""subtle_gray_stripes_stripe227_bg120"": {""accuracy"": 100.0, ""f1_score"": 100.0, ""correct"": 8, ""total"": 8}, ""subtle_gray_stripes_stripe227_bg121"": {""accuracy"": 100.0, ""f1_score"": 100.0, ""correct"": 8, ""total"": 8}, ""subtle_gray_stripes_stripe227_bg122"": {""accuracy"": 100.0, ""f1_score"": 100.0, ""correct"": 8, ""total"": 8}, ""subtle_gray_stripes_stripe227_bg123"": {""accuracy"": 100.0, ""f1_score"": 100.0, ""correct"": 8, ""total"": 8}, ""subtle_gray_stripes_stripe228_bg120"": {""accuracy"": 100.0, ""f1_score"": 100.0, ""correct"": 8, ""total"": 8}, ""subtle_gray_stripes_stripe228_bg121"": {""accuracy"": 100.0, ""f1_score"": 100.0, ""correct"": 8, ""total"": 8}, ""subtle_gray_stripes_stripe228_bg122"": {""accuracy"": 87.5, ""f1_score"": 87.3, ""correct"": 7, ""total"": 8}, ""subtle_gray_stripes_stripe228_bg123"": {""accuracy"": 100.0, ""f1_score"": 100.0, ""correct"": 8, ""total"": 8}, ""subtle_gray_stripes_stripe229_bg120"": {""accuracy"": 100.0, ""f1_score"": 100.0, ""correct"": 8, ""total"": 8}, ""subtle_gray_stripes_stripe229_bg121"": {""accuracy"": 100.0, ""f1_score"": 100.0, ""correct"": 8, ""total"": 8}, ""subtle_gray_stripes_stripe229_bg122"": {""accuracy"": 87.5, ""f1_score"": 87.3, ""correct"": 7, ""total"": 8}, ""subtle_gray_stripes_stripe229_bg123"": {""accuracy"": 100.0, ""f1_score"": 100.0, ""correct"": 8, ""total"": 8}}","{""angle0"": {""accuracy"": 93.75, ""f1_score"": 93.73, ""correct"": 60, ""total"": 64}, ""angle30"": {""accuracy"": 100.0, ""f1_score"": 100.0, ""correct"": 64, ""total"": 64}}",,,saves/dist_gen_1to10_left_gray_dora_dec7,,False,,1,
18,2025-12-08 07:30:58,20251208_073058,_exp_20251207_172213,_exp_20251207_172213_train,_exp_20251207_172213_test,100,1.0,42,subtle_gray_stripes,"left,right,up,down","0.0,15.0,30.0,45.0","0.0,14.0",640x480,4,12.0,0.0,1.0,none,1.0,0,0.0,0.1,1.0,0,10,60,20,15,0.0,false,,,,,false,,,,false,subtle_gray_stripes,"left,right,up,down","0.0,15.0,30.0,45.0","0.0,14.0",640x480,4,12.0,0.0,1.0,none,1.0,0,0.0,0.1,1.0,0,10,60,15,10,0.0,false,,,,,false,,,,false,Qwen/Qwen2.5-VL-3B-Instruct,qwen2_vl,saves/dist_gen_1to10_left_gray_dora_dec7,8,16,0.05,8192,1,8,5e-05,cosine,0.1,False,True,4,10,100,100,moving_stopped,128,1024,4.0,128,0.8,True,True,False,False,failed,failed,failed,,,,,,,,,,,,,,,,,,,,,,,,,,,saves/dist_gen_1to10_left_gray_dora_dec7,,False,,5,
19,2025-12-08 07:31:35,20251208_073135,_exp_20251207_172213,_exp_20251207_172213_train,_exp_20251207_172213_test,100,1.0,42,,,,,,,,,,,,,,,,,,,,,,,,,,,,,,,,,,,,,,,,,,,,,,,,,,,,,,,,,,,,,,,Qwen/Qwen2.5-VL-3B-Instruct,qwen2_vl,saves/dist_gen_1to10_left_gray_dora_dec7,8,16,0.05,8192,1,8,5e-05,cosine,0.1,False,True,4,10,100,100,moving_stopped,128,1024,2.0,128,0.8,True,True,False,False,failed,failed,failed,,,,,,,,,,,,,,,,,,,,,,,,,,,saves/dist_gen_1to10_left_gray_dora_dec7,,False,,1,
20,2025-12-08 07:32:18,20251208_073218,_exp_20251207_172213,_exp_20251207_172213_train,_exp_20251207_172213_test,100,1.0,42,,,,,,,,,,,,,,,,,,,,,,,,,,,,,,,,,,,,,,,,,,,,,,,,,,,,,,,,,,,,,,,Qwen/Qwen2.5-VL-3B-Instruct,qwen2_vl,saves/dist_gen_1to10_left_gray_dora_dec7,8,16,0.05,8192,1,8,5e-05,cosine,0.1,False,True,4,10,100,100,moving_stopped,128,1024,2.0,128,0.8,True,True,False,False,skipped,skipped,in_progress,,,,,,,,,,,,,,,,,,,,,,,,,,,saves/dist_gen_1to10_left_gray_dora_dec7,,False,,1,
21,2025-12-08 07:34:14,20251208_073414,_exp_20251207_172213,_exp_20251207_172213_train,_exp_20251207_172213_test,100,1.0,42,subtle_gray_stripes,"left,right,up,down","0.0,15.0,30.0,45.0","0.0,14.0",640x480,4,12.0,0.0,1.0,none,1.0,0,0.0,0.1,1.0,0,10,60,20,15,0.0,false,,,,,false,,,,false,subtle_gray_stripes,"left,right,up,down","0.0,15.0,30.0,45.0","0.0,14.0",640x480,4,12.0,0.0,1.0,none,1.0,0,0.0,0.1,1.0,0,10,60,15,10,0.0,false,,,,,false,,,,false,Qwen/Qwen2.5-VL-3B-Instruct,qwen2_vl,saves/dist_gen_1to10_left_gray_dora_dec7,8,16,0.05,8192,1,8,5e-05,cosine,0.1,False,True,4,10,100,100,moving_stopped,128,1024,4.0,128,0.8,True,True,False,False,skipped,skipped,completed,54.69,42.98,17.14,68.82,76.23,54.69,15,160,160,160,59.06,55.29,42.29,68.28,63.69,59.06,48,160,141,160,"{""subtle_gray_stripes_stripe226_bg120"": {""accuracy"": 55.0, ""f1_score"": 43.57, ""correct"": 11, ""total"": 20}, ""subtle_gray_stripes_stripe226_bg121"": {""accuracy"": 55.0, ""f1_score"": 43.57, ""correct"": 11, ""total"": 20}, ""subtle_gray_stripes_stripe226_bg123"": {""accuracy"": 55.0, ""f1_score"": 43.57, ""correct"": 11, ""total"": 20}, ""subtle_gray_stripes_stripe226_bg124"": {""accuracy"": 55.0, ""f1_score"": 43.57, ""correct"": 11, ""total"": 20}, ""subtle_gray_stripes_stripe227_bg120"": {""accuracy"": 55.0, ""f1_score"": 43.57, ""correct"": 11, ""total"": 20}, ""subtle_gray_stripes_stripe227_bg121"": {""accuracy"": 55.0, ""f1_score"": 43.57, ""correct"": 11, ""total"": 20}, ""subtle_gray_stripes_stripe227_bg123"": {""accuracy"": 55.0, ""f1_score"": 43.57, ""correct"": 11, ""total"": 20}, ""subtle_gray_stripes_stripe227_bg124"": {""accuracy"": 55.0, ""f1_score"": 43.57, ""correct"": 11, ""total"": 20}, ""subtle_gray_stripes_stripe228_bg120"": {""accuracy"": 55.0, ""f1_score"": 43.57, ""correct"": 11, ""total"": 20}, ""subtle_gray_stripes_stripe228_bg121"": {""accuracy"": 55.0, ""f1_score"": 43.57, ""correct"": 11, ""total"": 20}, ""subtle_gray_stripes_stripe228_bg123"": {""accuracy"": 50.0, ""f1_score"": 33.33, ""correct"": 10, ""total"": 20}, ""subtle_gray_stripes_stripe228_bg124"": {""accuracy"": 55.0, ""f1_score"": 43.57, ""correct"": 11, ""total"": 20}, ""subtle_gray_stripes_stripe229_bg120"": {""accuracy"": 55.0, ""f1_score"": 43.57, ""correct"": 11, ""total"": 20}, ""subtle_gray_stripes_stripe229_bg121"": {""accuracy"": 55.0, ""f1_score"": 43.57, ""correct"": 11, ""total"": 20}, ""subtle_gray_stripes_stripe229_bg123"": {""accuracy"": 55.0, ""f1_score"": 43.57, ""correct"": 11, ""total"": 20}, ""subtle_gray_stripes_stripe229_bg124"": {""accuracy"": 55.0, ""f1_score"": 43.57, ""correct"": 11, ""total"": 20}}","{""angle0"": {""accuracy"": 59.38, ""f1_score"": 51.35, ""correct"": 95, ""total"": 160}, ""angle30"": {""accuracy"": 50.0, ""f1_score"": 33.33, ""correct"": 80, ""total"": 160}}","{""subtle_gray_stripes_stripe226_bg120"": {""accuracy"": 60.0, ""f1_score"": 56.04, ""correct"": 12, ""total"": 20}, ""subtle_gray_stripes_stripe226_bg121"": {""accuracy"": 55.0, ""f1_score"": 52.0, ""correct"": 11, ""total"": 20}, ""subtle_gray_stripes_stripe226_bg123"": {""accuracy"": 60.0, ""f1_score"": 56.04, ""correct"": 12, ""total"": 20}, ""subtle_gray_stripes_stripe226_bg124"": {""accuracy"": 60.0, ""f1_score"": 56.04, ""correct"": 12, ""total"": 20}, ""subtle_gray_stripes_stripe227_bg120"": {""accuracy"": 60.0, ""f1_score"": 56.04, ""correct"": 12, ""total"": 20}, ""subtle_gray_stripes_stripe227_bg121"": {""accuracy"": 60.0, ""f1_score"": 56.04, ""correct"": 12, ""total"": 20}, ""subtle_gray_stripes_stripe227_bg123"": {""accuracy"": 60.0, ""f1_score"": 56.04, ""correct"": 12, ""total"": 20}, ""subtle_gray_stripes_stripe227_bg124"": {""accuracy"": 60.0, ""f1_score"": 56.04, ""correct"": 12, ""total"": 20}, ""subtle_gray_stripes_stripe228_bg120"": {""accuracy"": 60.0, ""f1_score"": 56.04, ""correct"": 12, ""total"": 20}, ""subtle_gray_stripes_stripe228_bg121"": {""accuracy"": 60.0, ""f1_score"": 56.04, ""correct"": 12, ""total"": 20}, ""subtle_gray_stripes_stripe228_bg123"": {""accuracy"": 60.0, ""f1_score"": 56.04, ""correct"": 12, ""total"": 20}, ""subtle_gray_stripes_stripe228_bg124"": {""accuracy"": 60.0, ""f1_score"": 56.04, ""correct"": 12, ""total"": 20}, ""subtle_gray_stripes_stripe229_bg120"": {""accuracy"": 60.0, ""f1_score"": 56.04, ""correct"": 12, ""total"": 20}, ""subtle_gray_stripes_stripe229_bg121"": {""accuracy"": 55.0, ""f1_score"": 52.0, ""correct"": 11, ""total"": 20}, ""subtle_gray_stripes_stripe229_bg123"": {""accuracy"": 55.0, ""f1_score"": 52.0, ""correct"": 11, ""total"": 20}, ""subtle_gray_stripes_stripe229_bg124"": {""accuracy"": 60.0, ""f1_score"": 56.04, ""correct"": 12, ""total"": 20}}","{""angle0"": {""accuracy"": 58.75, ""f1_score"": 57.25, ""correct"": 94, ""total"": 160}, ""angle30"": {""accuracy"": 59.38, ""f1_score"": 51.92, ""correct"": 95, ""total"": 160}}",,,saves/dist_gen_1to10_left_gray_dora_dec7,,False,,5,
22,2025-12-08 09:31:47,20251208_093147,_exp_20251207_172213,_exp_20251207_172213_train,_exp_20251207_172213_test,100,1.0,42,subtle_gray_stripes,"left,right,up,down","0.0,15.0,30.0,45.0","0.0,14.0",640x480,4,12.0,0.0,1.0,none,1.0,0,0.0,0.1,1.0,0,10,60,20,15,0.0,false,,,,,false,,,,false,subtle_gray_stripes,"left,right,up,down","0.0,15.0,30.0,45.0","0.0,14.0",640x480,4,12.0,0.0,1.0,none,1.0,0,0.0,0.1,1.0,0,10,60,15,10,0.0,false,,,,,false,,,,false,Qwen/Qwen2.5-VL-3B-Instruct,qwen2_vl,saves/dist_gen_1to10_left_gray_dora_dec7,8,16,0.05,8192,1,8,5e-05,cosine,0.1,False,True,4,10,100,100,moving_stopped,128,1024,4.0,128,0.8,True,True,False,False,skipped,skipped,completed,54.69,42.98,17.14,68.82,76.23,54.69,15,160,160,160,59.06,55.29,42.29,68.28,63.69,59.06,48,160,141,160,"{""subtle_gray_stripes_stripe226_bg120"": {""accuracy"": 55.0, ""f1_score"": 43.57, ""correct"": 11, ""total"": 20}, ""subtle_gray_stripes_stripe226_bg121"": {""accuracy"": 55.0, ""f1_score"": 43.57, ""correct"": 11, ""total"": 20}, ""subtle_gray_stripes_stripe226_bg123"": {""accuracy"": 55.0, ""f1_score"": 43.57, ""correct"": 11, ""total"": 20}, ""subtle_gray_stripes_stripe226_bg124"": {""accuracy"": 55.0, ""f1_score"": 43.57, ""correct"": 11, ""total"": 20}, ""subtle_gray_stripes_stripe227_bg120"": {""accuracy"": 55.0, ""f1_score"": 43.57, ""correct"": 11, ""total"": 20}, ""subtle_gray_stripes_stripe227_bg121"": {""accuracy"": 55.0, ""f1_score"": 43.57, ""correct"": 11, ""total"": 20}, ""subtle_gray_stripes_stripe227_bg123"": {""accuracy"": 55.0, ""f1_score"": 43.57, ""correct"": 11, ""total"": 20}, ""subtle_gray_stripes_stripe227_bg124"": {""accuracy"": 55.0, ""f1_score"": 43.57, ""correct"": 11, ""total"": 20}, ""subtle_gray_stripes_stripe228_bg120"": {""accuracy"": 55.0, ""f1_score"": 43.57, ""correct"": 11, ""total"": 20}, ""subtle_gray_stripes_stripe228_bg121"": {""accuracy"": 55.0, ""f1_score"": 43.57, ""correct"": 11, ""total"": 20}, ""subtle_gray_stripes_stripe228_bg123"": {""accuracy"": 50.0, ""f1_score"": 33.33, ""correct"": 10, ""total"": 20}, ""subtle_gray_stripes_stripe228_bg124"": {""accuracy"": 55.0, ""f1_score"": 43.57, ""correct"": 11, ""total"": 20}, ""subtle_gray_stripes_stripe229_bg120"": {""accuracy"": 55.0, ""f1_score"": 43.57, ""correct"": 11, ""total"": 20}, ""subtle_gray_stripes_stripe229_bg121"": {""accuracy"": 55.0, ""f1_score"": 43.57, ""correct"": 11, ""total"": 20}, ""subtle_gray_stripes_stripe229_bg123"": {""accuracy"": 55.0, ""f1_score"": 43.57, ""correct"": 11, ""total"": 20}, ""subtle_gray_stripes_stripe229_bg124"": {""accuracy"": 55.0, ""f1_score"": 43.57, ""correct"": 11, ""total"": 20}}","{""angle0"": {""accuracy"": 59.38, ""f1_score"": 51.35, ""correct"": 95, ""total"": 160}, ""angle30"": {""accuracy"": 50.0, ""f1_score"": 33.33, ""correct"": 80, ""total"": 160}}","{""subtle_gray_stripes_stripe226_bg120"": {""accuracy"": 60.0, ""f1_score"": 56.04, ""correct"": 12, ""total"": 20}, ""subtle_gray_stripes_stripe226_bg121"": {""accuracy"": 55.0, ""f1_score"": 52.0, ""correct"": 11, ""total"": 20}, ""subtle_gray_stripes_stripe226_bg123"": {""accuracy"": 60.0, ""f1_score"": 56.04, ""correct"": 12, ""total"": 20}, ""subtle_gray_stripes_stripe226_bg124"": {""accuracy"": 60.0, ""f1_score"": 56.04, ""correct"": 12, ""total"": 20}, ""subtle_gray_stripes_stripe227_bg120"": {""accuracy"": 60.0, ""f1_score"": 56.04, ""correct"": 12, ""total"": 20}, ""subtle_gray_stripes_stripe227_bg121"": {""accuracy"": 60.0, ""f1_score"": 56.04, ""correct"": 12, ""total"": 20}, ""subtle_gray_stripes_stripe227_bg123"": {""accuracy"": 60.0, ""f1_score"": 56.04, ""correct"": 12, ""total"": 20}, ""subtle_gray_stripes_stripe227_bg124"": {""accuracy"": 60.0, ""f1_score"": 56.04, ""correct"": 12, ""total"": 20}, ""subtle_gray_stripes_stripe228_bg120"": {""accuracy"": 60.0, ""f1_score"": 56.04, ""correct"": 12, ""total"": 20}, ""subtle_gray_stripes_stripe228_bg121"": {""accuracy"": 60.0, ""f1_score"": 56.04, ""correct"": 12, ""total"": 20}, ""subtle_gray_stripes_stripe228_bg123"": {""accuracy"": 60.0, ""f1_score"": 56.04, ""correct"": 12, ""total"": 20}, ""subtle_gray_stripes_stripe228_bg124"": {""accuracy"": 60.0, ""f1_score"": 56.04, ""correct"": 12, ""total"": 20}, ""subtle_gray_stripes_stripe229_bg120"": {""accuracy"": 60.0, ""f1_score"": 56.04, ""correct"": 12, ""total"": 20}, ""subtle_gray_stripes_stripe229_bg121"": {""accuracy"": 55.0, ""f1_score"": 52.0, ""correct"": 11, ""total"": 20}, ""subtle_gray_stripes_stripe229_bg123"": {""accuracy"": 55.0, ""f1_score"": 52.0, ""correct"": 11, ""total"": 20}, ""subtle_gray_stripes_stripe229_bg124"": {""accuracy"": 60.0, ""f1_score"": 56.04, ""correct"": 12, ""total"": 20}}","{""angle0"": {""accuracy"": 58.75, ""f1_score"": 57.25, ""correct"": 94, ""total"": 160}, ""angle30"": {""accuracy"": 59.38, ""f1_score"": 51.92, ""correct"": 95, ""total"": 160}}",,,saves/dist_gen_1to10_left_gray_dora_dec7,,False,,5,file:///mnt/c/Users/shaha/Desktop/Qwen2.5/LLaMA-Factory/analytics/reports/_exp_20251207_172213_dual_report_20251208_122957.html
23,2025-12-08 10:43:03,20251208_104303,_exp_20251207_172213,_exp_20251207_172213_train,_exp_20251207_172213_test,100,1.0,42,subtle_gray_stripes,"left,right,up,down","0.0,15.0,30.0,45.0","0.0,14.0",640x480,4,12.0,0.0,1.0,none,1.0,0,0.0,0.1,1.0,0,10,60,20,15,0.0,false,,,,,false,,,,false,subtle_gray_stripes,"left,right,up,down","0.0,15.0,30.0,45.0","0.0,14.0",640x480,4,12.0,0.0,1.0,none,1.0,0,0.0,0.1,1.0,0,10,60,15,10,0.0,false,,,,,false,,,,false,Qwen/Qwen2.5-VL-3B-Instruct,qwen2_vl,saves/dist_gen_1to10_left_gray_dora_dec7,8,16,0.05,8192,1,8,5e-05,cosine,0.1,False,True,4,10,100,100,moving_stopped,128,1024,4.0,128,0.8,True,True,False,False,skipped,skipped,completed,54.69,42.98,17.14,68.82,76.23,54.69,15,160,160,160,59.06,55.29,42.29,68.28,63.69,59.06,48,160,141,160,"{""subtle_gray_stripes_stripe226_bg120"": {""accuracy"": 55.0, ""f1_score"": 43.57, ""correct"": 11, ""total"": 20}, ""subtle_gray_stripes_stripe226_bg121"": {""accuracy"": 55.0, ""f1_score"": 43.57, ""correct"": 11, ""total"": 20}, ""subtle_gray_stripes_stripe226_bg123"": {""accuracy"": 55.0, ""f1_score"": 43.57, ""correct"": 11, ""total"": 20}, ""subtle_gray_stripes_stripe226_bg124"": {""accuracy"": 55.0, ""f1_score"": 43.57, ""correct"": 11, ""total"": 20}, ""subtle_gray_stripes_stripe227_bg120"": {""accuracy"": 55.0, ""f1_score"": 43.57, ""correct"": 11, ""total"": 20}, ""subtle_gray_stripes_stripe227_bg121"": {""accuracy"": 55.0, ""f1_score"": 43.57, ""correct"": 11, ""total"": 20}, ""subtle_gray_stripes_stripe227_bg123"": {""accuracy"": 55.0, ""f1_score"": 43.57, ""correct"": 11, ""total"": 20}, ""subtle_gray_stripes_stripe227_bg124"": {""accuracy"": 55.0, ""f1_score"": 43.57, ""correct"": 11, ""total"": 20}, ""subtle_gray_stripes_stripe228_bg120"": {""accuracy"": 55.0, ""f1_score"": 43.57, ""correct"": 11, ""total"": 20}, ""subtle_gray_stripes_stripe228_bg121"": {""accuracy"": 55.0, ""f1_score"": 43.57, ""correct"": 11, ""total"": 20}, ""subtle_gray_stripes_stripe228_bg123"": {""accuracy"": 50.0, ""f1_score"": 33.33, ""correct"": 10, ""total"": 20}, ""subtle_gray_stripes_stripe228_bg124"": {""accuracy"": 55.0, ""f1_score"": 43.57, ""correct"": 11, ""total"": 20}, ""subtle_gray_stripes_stripe229_bg120"": {""accuracy"": 55.0, ""f1_score"": 43.57, ""correct"": 11, ""total"": 20}, ""subtle_gray_stripes_stripe229_bg121"": {""accuracy"": 55.0, ""f1_score"": 43.57, ""correct"": 11, ""total"": 20}, ""subtle_gray_stripes_stripe229_bg123"": {""accuracy"": 55.0, ""f1_score"": 43.57, ""correct"": 11, ""total"": 20}, ""subtle_gray_stripes_stripe229_bg124"": {""accuracy"": 55.0, ""f1_score"": 43.57, ""correct"": 11, ""total"": 20}}","{""angle0"": {""accuracy"": 59.38, ""f1_score"": 51.35, ""correct"": 95, ""total"": 160}, ""angle30"": {""accuracy"": 50.0, ""f1_score"": 33.33, ""correct"": 80, ""total"": 160}}","{""subtle_gray_stripes_stripe226_bg120"": {""accuracy"": 60.0, ""f1_score"": 56.04, ""correct"": 12, ""total"": 20}, ""subtle_gray_stripes_stripe226_bg121"": {""accuracy"": 55.0, ""f1_score"": 52.0, ""correct"": 11, ""total"": 20}, ""subtle_gray_stripes_stripe226_bg123"": {""accuracy"": 60.0, ""f1_score"": 56.04, ""correct"": 12, ""total"": 20}, ""subtle_gray_stripes_stripe226_bg124"": {""accuracy"": 60.0, ""f1_score"": 56.04, ""correct"": 12, ""total"": 20}, ""subtle_gray_stripes_stripe227_bg120"": {""accuracy"": 60.0, ""f1_score"": 56.04, ""correct"": 12, ""total"": 20}, ""subtle_gray_stripes_stripe227_bg121"": {""accuracy"": 60.0, ""f1_score"": 56.04, ""correct"": 12, ""total"": 20}, ""subtle_gray_stripes_stripe227_bg123"": {""accuracy"": 60.0, ""f1_score"": 56.04, ""correct"": 12, ""total"": 20}, ""subtle_gray_stripes_stripe227_bg124"": {""accuracy"": 60.0, ""f1_score"": 56.04, ""correct"": 12, ""total"": 20}, ""subtle_gray_stripes_stripe228_bg120"": {""accuracy"": 60.0, ""f1_score"": 56.04, ""correct"": 12, ""total"": 20}, ""subtle_gray_stripes_stripe228_bg121"": {""accuracy"": 60.0, ""f1_score"": 56.04, ""correct"": 12, ""total"": 20}, ""subtle_gray_stripes_stripe228_bg123"": {""accuracy"": 60.0, ""f1_score"": 56.04, ""correct"": 12, ""total"": 20}, ""subtle_gray_stripes_stripe228_bg124"": {""accuracy"": 60.0, ""f1_score"": 56.04, ""correct"": 12, ""total"": 20}, ""subtle_gray_stripes_stripe229_bg120"": {""accuracy"": 60.0, ""f1_score"": 56.04, ""correct"": 12, ""total"": 20}, ""subtle_gray_stripes_stripe229_bg121"": {""accuracy"": 55.0, ""f1_score"": 52.0, ""correct"": 11, ""total"": 20}, ""subtle_gray_stripes_stripe229_bg123"": {""accuracy"": 55.0, ""f1_score"": 52.0, ""correct"": 11, ""total"": 20}, ""subtle_gray_stripes_stripe229_bg124"": {""accuracy"": 60.0, ""f1_score"": 56.04, ""correct"": 12, ""total"": 20}}","{""angle0"": {""accuracy"": 58.75, ""f1_score"": 57.25, ""correct"": 94, ""total"": 160}, ""angle30"": {""accuracy"": 59.38, ""f1_score"": 51.92, ""correct"": 95, ""total"": 160}}",,,saves/dist_gen_1to10_left_gray_dora_dec7,,False,,5,file:///mnt/c/Users/shaha/Desktop/Qwen2.5/LLaMA-Factory/analytics/reports/_exp_20251207_172213_dual_report_20251208_130404.html
24,2025-12-08 11:30:23,20251208_113023,_exp_20251207_172213,_exp_20251207_172213_train,_exp_20251207_172213_test,100,1.0,42,subtle_gray_stripes,"left,right,up,down","0.0,15.0,30.0,45.0","0.0,14.0",640x480,4,12.0,0.0,1.0,none,1.0,0,0.0,0.1,1.0,0,10,60,20,15,0.0,false,,,,,false,,,,false,subtle_gray_stripes,"left,right,up,down","0.0,15.0,30.0,45.0","0.0,14.0",640x480,4,12.0,0.0,1.0,none,1.0,0,0.0,0.1,1.0,0,10,60,15,10,0.0,false,,,,,false,,,,false,Qwen/Qwen2.5-VL-3B-Instruct,qwen2_vl,saves/dist_gen_1to10_left_gray_oft_dec8,8,16,0.05,8192,14,1,5e-05,cosine,0.1,False,True,4,10,100,100,yesno,128,1024,4.0,128,0.8,True,False,False,False,failed,failed,failed,,,,,,,,,,,,,,,,,,,,,,,,,,,saves/dist_gen_1to10_left_gray_oft_dec8,dist_gen_1to10_left_gray_oft_dec8,False,oft,7,
25,2025-12-08 11:32:17,20251208_113217,_exp_20251207_172213,_exp_20251207_172213_train,_exp_20251207_172213_test,100,1.0,42,subtle_gray_stripes,"left,right,up,down","0.0,15.0,30.0,45.0","0.0,14.0",640x480,4,12.0,0.0,1.0,none,1.0,0,0.0,0.1,1.0,0,10,60,20,15,0.0,false,,,,,false,,,,false,subtle_gray_stripes,"left,right,up,down","0.0,15.0,30.0,45.0","0.0,14.0",640x480,4,12.0,0.0,1.0,none,1.0,0,0.0,0.1,1.0,0,10,60,15,10,0.0,false,,,,,false,,,,false,Qwen/Qwen2.5-VL-3B-Instruct,qwen2_vl,saves/dist_gen_1to10_left_gray_oft_dec8,8,16,0.05,8192,14,1,5e-05,cosine,0.1,False,True,4,10,100,100,yesno,128,1024,4.0,128,0.8,True,False,False,False,skipped,completed,completed,50.00,33.33,0.00,66.67,25.00,50.00,0,160,160,160,60.00,52.38,33.33,71.43,77.78,60.00,32,160,160,160,"{""subtle_gray_stripes_stripe226_bg120"": {""accuracy"": 50.0, ""f1_score"": 33.33, ""correct"": 10, ""total"": 20}, ""subtle_gray_stripes_stripe226_bg121"": {""accuracy"": 50.0, ""f1_score"": 33.33, ""correct"": 10, ""total"": 20}, ""subtle_gray_stripes_stripe226_bg123"": {""accuracy"": 50.0, ""f1_score"": 33.33, ""correct"": 10, ""total"": 20}, ""subtle_gray_stripes_stripe226_bg124"": {""accuracy"": 50.0, ""f1_score"": 33.33, ""correct"": 10, ""total"": 20}, ""subtle_gray_stripes_stripe227_bg120"": {""accuracy"": 50.0, ""f1_score"": 33.33, ""correct"": 10, ""total"": 20}, ""subtle_gray_stripes_stripe227_bg121"": {""accuracy"": 50.0, ""f1_score"": 33.33, ""correct"": 10, ""total"": 20}, ""subtle_gray_stripes_stripe227_bg123"": {""accuracy"": 50.0, ""f1_score"": 33.33, ""correct"": 10, ""total"": 20}, ""subtle_gray_stripes_stripe227_bg124"": {""accuracy"": 50.0, ""f1_score"": 33.33, ""correct"": 10, ""total"": 20}, ""subtle_gray_stripes_stripe228_bg120"": {""accuracy"": 50.0, ""f1_score"": 33.33, ""correct"": 10, ""total"": 20}, ""subtle_gray_stripes_stripe228_bg121"": {""accuracy"": 50.0, ""f1_score"": 33.33, ""correct"": 10, ""total"": 20}, ""subtle_gray_stripes_stripe228_bg123"": {""accuracy"": 50.0, ""f1_score"": 33.33, ""correct"": 10, ""total"": 20}, ""subtle_gray_stripes_stripe228_bg124"": {""accuracy"": 50.0, ""f1_score"": 33.33, ""correct"": 10, ""total"": 20}, ""subtle_gray_stripes_stripe229_bg120"": {""accuracy"": 50.0, ""f1_score"": 33.33, ""correct"": 10, ""total"": 20}, ""subtle_gray_stripes_stripe229_bg121"": {""accuracy"": 50.0, ""f1_score"": 33.33, ""correct"": 10, ""total"": 20}, ""subtle_gray_stripes_stripe229_bg123"": {""accuracy"": 50.0, ""f1_score"": 33.33, ""correct"": 10, ""total"": 20}, ""subtle_gray_stripes_stripe229_bg124"": {""accuracy"": 50.0, ""f1_score"": 33.33, ""correct"": 10, ""total"": 20}}","{""angle0"": {""accuracy"": 50.0, ""f1_score"": 33.33, ""correct"": 80, ""total"": 160}, ""angle30"": {""accuracy"": 50.0, ""f1_score"": 33.33, ""correct"": 80, ""total"": 160}}","{""subtle_gray_stripes_stripe226_bg120"": {""accuracy"": 60.0, ""f1_score"": 52.38, ""correct"": 12, ""total"": 20}, ""subtle_gray_stripes_stripe226_bg121"": {""accuracy"": 60.0, ""f1_score"": 52.38, ""correct"": 12, ""total"": 20}, ""subtle_gray_stripes_stripe226_bg123"": {""accuracy"": 60.0, ""f1_score"": 52.38, ""correct"": 12, ""total"": 20}, ""subtle_gray_stripes_stripe226_bg124"": {""accuracy"": 60.0, ""f1_score"": 52.38, ""correct"": 12, ""total"": 20}, ""subtle_gray_stripes_stripe227_bg120"": {""accuracy"": 60.0, ""f1_score"": 52.38, ""correct"": 12, ""total"": 20}, ""subtle_gray_stripes_stripe227_bg121"": {""accuracy"": 60.0, ""f1_score"": 52.38, ""correct"": 12, ""total"": 20}, ""subtle_gray_stripes_stripe227_bg123"": {""accuracy"": 60.0, ""f1_score"": 52.38, ""correct"": 12, ""total"": 20}, ""subtle_gray_stripes_stripe227_bg124"": {""accuracy"": 60.0, ""f1_score"": 52.38, ""correct"": 12, ""total"": 20}, ""subtle_gray_stripes_stripe228_bg120"": {""accuracy"": 60.0, ""f1_score"": 52.38, ""correct"": 12, ""total"": 20}, ""subtle_gray_stripes_stripe228_bg121"": {""accuracy"": 60.0, ""f1_score"": 52.38, ""correct"": 12, ""total"": 20}, ""subtle_gray_stripes_stripe228_bg123"": {""accuracy"": 60.0, ""f1_score"": 52.38, ""correct"": 12, ""total"": 20}, ""subtle_gray_stripes_stripe228_bg124"": {""accuracy"": 60.0, ""f1_score"": 52.38, ""correct"": 12, ""total"": 20}, ""subtle_gray_stripes_stripe229_bg120"": {""accuracy"": 60.0, ""f1_score"": 52.38, ""correct"": 12, ""total"": 20}, ""subtle_gray_stripes_stripe229_bg121"": {""accuracy"": 60.0, ""f1_score"": 52.38, ""correct"": 12, ""total"": 20}, ""subtle_gray_stripes_stripe229_bg123"": {""accuracy"": 60.0, ""f1_score"": 52.38, ""correct"": 12, ""total"": 20}, ""subtle_gray_stripes_stripe229_bg124"": {""accuracy"": 60.0, ""f1_score"": 52.38, ""correct"": 12, ""total"": 20}}","{""angle0"": {""accuracy"": 60.0, ""f1_score"": 52.38, ""correct"": 96, ""total"": 160}, ""angle30"": {""accuracy"": 60.0, ""f1_score"": 52.38, ""correct"": 96, ""total"": 160}}",,,saves/dist_gen_1to10_left_gray_oft_dec8,dist_gen_1to10_left_gray_oft_dec8,False,oft,7,
