Index,Filename
1,treadmill_0000_subtle_gray_stripes_right_speed0.0_angle0_bright0.00_contr1.00_640x480_seed42.mp4
2,treadmill_0000_subtle_gray_stripes_right_speed0.0_angle0_bright0.00_contr1.00_640x480_seed43.mp4
3,treadmill_0000_subtle_gray_stripes_right_speed0.0_angle0_bright0.00_contr1.00_640x480_seed44.mp4
4,treadmill_0000_subtle_gray_stripes_right_speed0.0_angle0_bright0.00_contr1.00_640x480_seed45.mp4
5,treadmill_0000_subtle_gray_stripes_right_speed0.0_angle0_bright0.00_contr1.00_640x480_seed46.mp4
6,treadmill_0000_subtle_gray_stripes_right_speed0.0_angle0_bright0.00_contr1.00_640x480_seed47.mp4
7,treadmill_0000_subtle_gray_stripes_right_speed0.0_angle0_bright0.00_contr1.00_640x480_seed48.mp4
8,treadmill_0000_subtle_gray_stripes_right_speed0.0_angle0_bright0.00_contr1.00_640x480_seed49.mp4
9,treadmill_0000_subtle_gray_stripes_right_speed0.0_angle0_bright0.00_contr1.00_640x480_seed50.mp4
10,treadmill_0000_subtle_gray_stripes_right_speed0.0_angle0_bright0.00_contr1.00_640x480_seed51.mp4
11,treadmill_0000_subtle_gray_stripes_right_speed0.0_angle0_bright0.00_contr1.00_640x480_seed52.mp4
12,treadmill_0000_subtle_gray_stripes_right_speed0.0_angle0_bright0.00_contr1.00_640x480_seed53.mp4
13,treadmill_0000_subtle_gray_stripes_right_speed0.0_angle0_bright0.00_contr1.00_640x480_seed54.mp4
14,treadmill_0000_subtle_gray_stripes_right_speed0.0_angle0_bright0.00_contr1.00_640x480_seed55.mp4
15,treadmill_0000_subtle_gray_stripes_right_speed0.0_angle0_bright0.00_contr1.00_640x480_seed56.mp4
16,treadmill_0000_subtle_gray_stripes_right_speed0.0_angle0_bright0.00_contr1.00_640x480_seed57.mp4
17,treadmill_0000_subtle_gray_stripes_right_speed0.0_angle15_bright0.00_contr1.00_640x480_seed58.mp4
18,treadmill_0000_subtle_gray_stripes_right_speed0.0_angle15_bright0.00_contr1.00_640x480_seed59.mp4
19,treadmill_0000_subtle_gray_stripes_right_speed0.0_angle15_bright0.00_contr1.00_640x480_seed60.mp4
20,treadmill_0000_subtle_gray_stripes_right_speed0.0_angle15_bright0.00_contr1.00_640x480_seed61.mp4
21,treadmill_0000_subtle_gray_stripes_right_speed0.0_angle15_bright0.00_contr1.00_640x480_seed62.mp4
22,treadmill_0000_subtle_gray_stripes_right_speed0.0_angle15_bright0.00_contr1.00_640x480_seed63.mp4
23,treadmill_0000_subtle_gray_stripes_right_speed0.0_angle15_bright0.00_contr1.00_640x480_seed64.mp4
24,treadmill_0000_subtle_gray_stripes_right_speed0.0_angle15_bright0.00_contr1.00_640x480_seed65.mp4
25,treadmill_0000_subtle_gray_stripes_right_speed0.0_angle15_bright0.00_contr1.00_640x480_seed66.mp4
26,treadmill_0000_subtle_gray_stripes_right_speed0.0_angle15_bright0.00_contr1.00_640x480_seed67.mp4
27,treadmill_0000_subtle_gray_stripes_right_speed0.0_angle15_bright0.00_contr1.00_640x480_seed68.mp4
28,treadmill_0000_subtle_gray_stripes_right_speed0.0_angle15_bright0.00_contr1.00_640x480_seed69.mp4
29,treadmill_0000_subtle_gray_stripes_right_speed0.0_angle15_bright0.00_contr1.00_640x480_seed70.mp4
30,treadmill_0000_subtle_gray_stripes_right_speed0.0_angle15_bright0.00_contr1.00_640x480_seed71.mp4
31,treadmill_0000_subtle_gray_stripes_right_speed0.0_angle15_bright0.00_contr1.00_640x480_seed72.mp4
32,treadmill_0000_subtle_gray_stripes_right_speed0.0_angle15_bright0.00_contr1.00_640x480_seed73.mp4
33,treadmill_0000_subtle_gray_stripes_right_speed0.0_angle30_bright0.00_contr1.00_640x480_seed74.mp4
34,treadmill_0000_subtle_gray_stripes_right_speed0.0_angle30_bright0.00_contr1.00_640x480_seed75.mp4
35,treadmill_0000_subtle_gray_stripes_right_speed0.0_angle30_bright0.00_contr1.00_640x480_seed76.mp4
36,treadmill_0000_subtle_gray_stripes_right_speed0.0_angle30_bright0.00_contr1.00_640x480_seed77.mp4
37,treadmill_0000_subtle_gray_stripes_right_speed0.0_angle30_bright0.00_contr1.00_640x480_seed78.mp4
38,treadmill_0000_subtle_gray_stripes_right_speed0.0_angle30_bright0.00_contr1.00_640x480_seed79.mp4
39,treadmill_0000_subtle_gray_stripes_right_speed0.0_angle30_bright0.00_contr1.00_640x480_seed80.mp4
40,treadmill_0000_subtle_gray_stripes_right_speed0.0_angle30_bright0.00_contr1.00_640x480_seed81.mp4
41,treadmill_0000_subtle_gray_stripes_right_speed0.0_angle30_bright0.00_contr1.00_640x480_seed82.mp4
42,treadmill_0000_subtle_gray_stripes_right_speed0.0_angle30_bright0.00_contr1.00_640x480_seed83.mp4
43,treadmill_0000_subtle_gray_stripes_right_speed0.0_angle30_bright0.00_contr1.00_640x480_seed84.mp4
44,treadmill_0000_subtle_gray_stripes_right_speed0.0_angle30_bright0.00_contr1.00_640x480_seed85.mp4
45,treadmill_0000_subtle_gray_stripes_right_speed0.0_angle30_bright0.00_contr1.00_640x480_seed86.mp4
46,treadmill_0000_subtle_gray_stripes_right_speed0.0_angle30_bright0.00_contr1.00_640x480_seed87.mp4
47,treadmill_0000_subtle_gray_stripes_right_speed0.0_angle30_bright0.00_contr1.00_640x480_seed88.mp4
48,treadmill_0000_subtle_gray_stripes_right_speed0.0_angle30_bright0.00_contr1.00_640x480_seed89.mp4
49,treadmill_0000_subtle_gray_stripes_right_speed0.0_angle45_bright0.00_contr1.00_640x480_seed100.mp4
50,treadmill_0000_subtle_gray_stripes_right_speed0.0_angle45_bright0.00_contr1.00_640x480_seed101.mp4
51,treadmill_0000_subtle_gray_stripes_right_speed0.0_angle45_bright0.00_contr1.00_640x480_seed102.mp4
52,treadmill_0000_subtle_gray_stripes_right_speed0.0_angle45_bright0.00_contr1.00_640x480_seed103.mp4
53,treadmill_0000_subtle_gray_stripes_right_speed0.0_angle45_bright0.00_contr1.00_640x480_seed104.mp4
54,treadmill_0000_subtle_gray_stripes_right_speed0.0_angle45_bright0.00_contr1.00_640x480_seed105.mp4
55,treadmill_0000_subtle_gray_stripes_right_speed0.0_angle45_bright0.00_contr1.00_640x480_seed90.mp4
56,treadmill_0000_subtle_gray_stripes_right_speed0.0_angle45_bright0.00_contr1.00_640x480_seed91.mp4
57,treadmill_0000_subtle_gray_stripes_right_speed0.0_angle45_bright0.00_contr1.00_640x480_seed92.mp4
58,treadmill_0000_subtle_gray_stripes_right_speed0.0_angle45_bright0.00_contr1.00_640x480_seed93.mp4
59,treadmill_0000_subtle_gray_stripes_right_speed0.0_angle45_bright0.00_contr1.00_640x480_seed94.mp4
60,treadmill_0000_subtle_gray_stripes_right_speed0.0_angle45_bright0.00_contr1.00_640x480_seed95.mp4
61,treadmill_0000_subtle_gray_stripes_right_speed0.0_angle45_bright0.00_contr1.00_640x480_seed96.mp4
62,treadmill_0000_subtle_gray_stripes_right_speed0.0_angle45_bright0.00_contr1.00_640x480_seed97.mp4
63,treadmill_0000_subtle_gray_stripes_right_speed0.0_angle45_bright0.00_contr1.00_640x480_seed98.mp4
64,treadmill_0000_subtle_gray_stripes_right_speed0.0_angle45_bright0.00_contr1.00_640x480_seed99.mp4
65,treadmill_0000_subtle_gray_stripes_right_speed14.0_angle0_bright0.00_contr1.00_640x480_seed106.mp4
66,treadmill_0000_subtle_gray_stripes_right_speed14.0_angle0_bright0.00_contr1.00_640x480_seed107.mp4
67,treadmill_0000_subtle_gray_stripes_right_speed14.0_angle0_bright0.00_contr1.00_640x480_seed108.mp4
68,treadmill_0000_subtle_gray_stripes_right_speed14.0_angle0_bright0.00_contr1.00_640x480_seed109.mp4
69,treadmill_0000_subtle_gray_stripes_right_speed14.0_angle0_bright0.00_contr1.00_640x480_seed110.mp4
70,treadmill_0000_subtle_gray_stripes_right_speed14.0_angle0_bright0.00_contr1.00_640x480_seed111.mp4
71,treadmill_0000_subtle_gray_stripes_right_speed14.0_angle0_bright0.00_contr1.00_640x480_seed112.mp4
72,treadmill_0000_subtle_gray_stripes_right_speed14.0_angle0_bright0.00_contr1.00_640x480_seed113.mp4
73,treadmill_0000_subtle_gray_stripes_right_speed14.0_angle0_bright0.00_contr1.00_640x480_seed114.mp4
74,treadmill_0000_subtle_gray_stripes_right_speed14.0_angle0_bright0.00_contr1.00_640x480_seed115.mp4
75,treadmill_0000_subtle_gray_stripes_right_speed14.0_angle0_bright0.00_contr1.00_640x480_seed116.mp4
76,treadmill_0000_subtle_gray_stripes_right_speed14.0_angle0_bright0.00_contr1.00_640x480_seed117.mp4
77,treadmill_0000_subtle_gray_stripes_right_speed14.0_angle0_bright0.00_contr1.00_640x480_seed118.mp4
78,treadmill_0000_subtle_gray_stripes_right_speed14.0_angle0_bright0.00_contr1.00_640x480_seed119.mp4
79,treadmill_0000_subtle_gray_stripes_right_speed14.0_angle0_bright0.00_contr1.00_640x480_seed120.mp4
80,treadmill_0000_subtle_gray_stripes_right_speed14.0_angle0_bright0.00_contr1.00_640x480_seed121.mp4
81,treadmill_0000_subtle_gray_stripes_right_speed14.0_angle15_bright0.00_contr1.00_640x480_seed122.mp4
82,treadmill_0000_subtle_gray_stripes_right_speed14.0_angle15_bright0.00_contr1.00_640x480_seed123.mp4
83,treadmill_0000_subtle_gray_stripes_right_speed14.0_angle15_bright0.00_contr1.00_640x480_seed124.mp4
84,treadmill_0000_subtle_gray_stripes_right_speed14.0_angle15_bright0.00_contr1.00_640x480_seed125.mp4
85,treadmill_0000_subtle_gray_stripes_right_speed14.0_angle15_bright0.00_contr1.00_640x480_seed126.mp4
86,treadmill_0000_subtle_gray_stripes_right_speed14.0_angle15_bright0.00_contr1.00_640x480_seed127.mp4
87,treadmill_0000_subtle_gray_stripes_right_speed14.0_angle15_bright0.00_contr1.00_640x480_seed128.mp4
88,treadmill_0000_subtle_gray_stripes_right_speed14.0_angle15_bright0.00_contr1.00_640x480_seed129.mp4
89,treadmill_0000_subtle_gray_stripes_right_speed14.0_angle15_bright0.00_contr1.00_640x480_seed130.mp4
90,treadmill_0000_subtle_gray_stripes_right_speed14.0_angle15_bright0.00_contr1.00_640x480_seed131.mp4
91,treadmill_0000_subtle_gray_stripes_right_speed14.0_angle15_bright0.00_contr1.00_640x480_seed132.mp4
92,treadmill_0000_subtle_gray_stripes_right_speed14.0_angle15_bright0.00_contr1.00_640x480_seed133.mp4
93,treadmill_0000_subtle_gray_stripes_right_speed14.0_angle15_bright0.00_contr1.00_640x480_seed134.mp4
94,treadmill_0000_subtle_gray_stripes_right_speed14.0_angle15_bright0.00_contr1.00_640x480_seed135.mp4
95,treadmill_0000_subtle_gray_stripes_right_speed14.0_angle15_bright0.00_contr1.00_640x480_seed136.mp4
96,treadmill_0000_subtle_gray_stripes_right_speed14.0_angle15_bright0.00_contr1.00_640x480_seed137.mp4
97,treadmill_0000_subtle_gray_stripes_right_speed14.0_angle30_bright0.00_contr1.00_640x480_seed138.mp4
98,treadmill_0000_subtle_gray_stripes_right_speed14.0_angle30_bright0.00_contr1.00_640x480_seed139.mp4
99,treadmill_0000_subtle_gray_stripes_right_speed14.0_angle30_bright0.00_contr1.00_640x480_seed140.mp4
100,treadmill_0000_subtle_gray_stripes_right_speed14.0_angle30_bright0.00_contr1.00_640x480_seed141.mp4
101,treadmill_0000_subtle_gray_stripes_right_speed14.0_angle30_bright0.00_contr1.00_640x480_seed142.mp4
102,treadmill_0000_subtle_gray_stripes_right_speed14.0_angle30_bright0.00_contr1.00_640x480_seed143.mp4
103,treadmill_0000_subtle_gray_stripes_right_speed14.0_angle30_bright0.00_contr1.00_640x480_seed144.mp4
104,treadmill_0000_subtle_gray_stripes_right_speed14.0_angle30_bright0.00_contr1.00_640x480_seed145.mp4
105,treadmill_0000_subtle_gray_stripes_right_speed14.0_angle30_bright0.00_contr1.00_640x480_seed146.mp4
106,treadmill_0000_subtle_gray_stripes_right_speed14.0_angle30_bright0.00_contr1.00_640x480_seed147.mp4
107,treadmill_0000_subtle_gray_stripes_right_speed14.0_angle30_bright0.00_contr1.00_640x480_seed148.mp4
108,treadmill_0000_subtle_gray_stripes_right_speed14.0_angle30_bright0.00_contr1.00_640x480_seed149.mp4
109,treadmill_0000_subtle_gray_stripes_right_speed14.0_angle30_bright0.00_contr1.00_640x480_seed150.mp4
110,treadmill_0000_subtle_gray_stripes_right_speed14.0_angle30_bright0.00_contr1.00_640x480_seed151.mp4
111,treadmill_0000_subtle_gray_stripes_right_speed14.0_angle30_bright0.00_contr1.00_640x480_seed152.mp4
112,treadmill_0000_subtle_gray_stripes_right_speed14.0_angle30_bright0.00_contr1.00_640x480_seed153.mp4
113,treadmill_0000_subtle_gray_stripes_right_speed14.0_angle45_bright0.00_contr1.00_640x480_seed154.mp4
114,treadmill_0000_subtle_gray_stripes_right_speed14.0_angle45_bright0.00_contr1.00_640x480_seed155.mp4
115,treadmill_0000_subtle_gray_stripes_right_speed14.0_angle45_bright0.00_contr1.00_640x480_seed156.mp4
116,treadmill_0000_subtle_gray_stripes_right_speed14.0_angle45_bright0.00_contr1.00_640x480_seed157.mp4
117,treadmill_0000_subtle_gray_stripes_right_speed14.0_angle45_bright0.00_contr1.00_640x480_seed158.mp4
118,treadmill_0000_subtle_gray_stripes_right_speed14.0_angle45_bright0.00_contr1.00_640x480_seed159.mp4
119,treadmill_0000_subtle_gray_stripes_right_speed14.0_angle45_bright0.00_contr1.00_640x480_seed160.mp4
120,treadmill_0000_subtle_gray_stripes_right_speed14.0_angle45_bright0.00_contr1.00_640x480_seed161.mp4
121,treadmill_0000_subtle_gray_stripes_right_speed14.0_angle45_bright0.00_contr1.00_640x480_seed162.mp4
122,treadmill_0000_subtle_gray_stripes_right_speed14.0_angle45_bright0.00_contr1.00_640x480_seed163.mp4
123,treadmill_0000_subtle_gray_stripes_right_speed14.0_angle45_bright0.00_contr1.00_640x480_seed164.mp4
124,treadmill_0000_subtle_gray_stripes_right_speed14.0_angle45_bright0.00_contr1.00_640x480_seed165.mp4
125,treadmill_0000_subtle_gray_stripes_right_speed14.0_angle45_bright0.00_contr1.00_640x480_seed166.mp4
126,treadmill_0000_subtle_gray_stripes_right_speed14.0_angle45_bright0.00_contr1.00_640x480_seed167.mp4
127,treadmill_0000_subtle_gray_stripes_right_speed14.0_angle45_bright0.00_contr1.00_640x480_seed168.mp4
128,treadmill_0000_subtle_gray_stripes_right_speed14.0_angle45_bright0.00_contr1.00_640x480_seed169.mp4
